,Season,Episode,Title,Date Aired,Contestants,Voted Off
0,9,1,Week 1,5/27/13,"['Chris Siegfried' 'Drew Kenney' 'Brooks Forester' 'Zak Waddell'
 'Michael Garofola' 'James Case' 'Juan Pablo Galavis' 'Kasey Stewart'
 'Mikey Tenerelli' 'Ben Scott' 'Bryden Vukasin' 'Zack Kalter'
 'Brad McKinzie' 'Brandon Andreen' 'Dan Cox' 'Brian Jarosinski'
 'Nick Mucci' 'Robert Graham' 'Will Reese' 'Diogo Custodio'
 'Larry Burchett' 'Micah Heisler' 'Mike R.' 'Nick Roy'
 'Jonathan Vollinger']",
1,9,2,Week 2,6/3/13,"['Chris Siegfried' 'Drew Kenney' 'Brooks Forester' 'Zak Waddell'
 'Michael Garofola' 'James Case' 'Juan Pablo Galavis' 'Kasey Stewart'
 'Mikey Tenerelli' 'Ben Scott' 'Bryden Vukasin' 'Zack Kalter'
 'Brad McKinzie' 'Brandon Andreen' 'Dan Cox' 'Brian Jarosinski'
 'Nick Mucci' 'Robert Graham' 'Will Reese' 'Diogo Custodio'
 'Larry Burchett' 'Micah Heisler' 'Mike R.' 'Nick Roy'
 'Jonathan Vollinger']",
2,9,3,Week 3,6/10/13,"['Chris Siegfried' 'Drew Kenney' 'Brooks Forester' 'Zak Waddell'
 'Michael Garofola' 'James Case' 'Juan Pablo Galavis' 'Kasey Stewart'
 'Mikey Tenerelli' 'Ben Scott' 'Bryden Vukasin' 'Zack Kalter'
 'Brad McKinzie' 'Brandon Andreen' 'Dan Cox' 'Brian Jarosinski'
 'Nick Mucci' 'Robert Graham' 'Will Reese' 'Diogo Custodio'
 'Larry Burchett' 'Micah Heisler' 'Mike R.' 'Nick Roy'
 'Jonathan Vollinger']",
3,9,4,Week 4,6/17/13,"['Chris Siegfried' 'Drew Kenney' 'Brooks Forester' 'Zak Waddell'
 'Michael Garofola' 'James Case' 'Juan Pablo Galavis' 'Kasey Stewart'
 'Mikey Tenerelli' 'Ben Scott' 'Bryden Vukasin' 'Zack Kalter'
 'Brad McKinzie' 'Brandon Andreen' 'Dan Cox' 'Brian Jarosinski'
 'Nick Mucci' 'Robert Graham' 'Will Reese' 'Diogo Custodio'
 'Larry Burchett' 'Micah Heisler' 'Mike R.' 'Nick Roy'
 'Jonathan Vollinger']",
4,9,5,Week 5,6/24/13,"['Chris Siegfried' 'Drew Kenney' 'Brooks Forester' 'Zak Waddell'
 'Michael Garofola' 'James Case' 'Juan Pablo Galavis' 'Kasey Stewart'
 'Mikey Tenerelli' 'Ben Scott' 'Bryden Vukasin' 'Zack Kalter'
 'Brad McKinzie' 'Brandon Andreen' 'Dan Cox' 'Brian Jarosinski'
 'Nick Mucci' 'Robert Graham' 'Will Reese' 'Diogo Custodio'
 'Larry Burchett' 'Micah Heisler' 'Mike R.' 'Nick Roy'
 'Jonathan Vollinger']",
5,9,6,Week 6,7/1/13,"['Chris Siegfried' 'Drew Kenney' 'Brooks Forester' 'Zak Waddell'
 'Michael Garofola' 'James Case' 'Juan Pablo Galavis' 'Kasey Stewart'
 'Mikey Tenerelli' 'Ben Scott' 'Bryden Vukasin' 'Zack Kalter'
 'Brad McKinzie' 'Brandon Andreen' 'Dan Cox' 'Brian Jarosinski'
 'Nick Mucci' 'Robert Graham' 'Will Reese' 'Diogo Custodio'
 'Larry Burchett' 'Micah Heisler' 'Mike R.' 'Nick Roy'
 'Jonathan Vollinger']",
6,9,7,Week 7,7/8/13,"['Chris Siegfried' 'Drew Kenney' 'Brooks Forester' 'Zak Waddell'
 'Michael Garofola' 'James Case' 'Juan Pablo Galavis' 'Kasey Stewart'
 'Mikey Tenerelli' 'Ben Scott' 'Bryden Vukasin' 'Zack Kalter'
 'Brad McKinzie' 'Brandon Andreen' 'Dan Cox' 'Brian Jarosinski'
 'Nick Mucci' 'Robert Graham' 'Will Reese' 'Diogo Custodio'
 'Larry Burchett' 'Micah Heisler' 'Mike R.' 'Nick Roy'
 'Jonathan Vollinger']",
7,9,8,Week 8,7/15/13,"['Chris Siegfried' 'Drew Kenney' 'Brooks Forester' 'Zak Waddell'
 'Michael Garofola' 'James Case' 'Juan Pablo Galavis' 'Kasey Stewart'
 'Mikey Tenerelli' 'Ben Scott' 'Bryden Vukasin' 'Zack Kalter'
 'Brad McKinzie' 'Brandon Andreen' 'Dan Cox' 'Brian Jarosinski'
 'Nick Mucci' 'Robert Graham' 'Will Reese' 'Diogo Custodio'
 'Larry Burchett' 'Micah Heisler' 'Mike R.' 'Nick Roy'
 'Jonathan Vollinger']",
9,9,10,Week 9,7/29/13,"['Chris Siegfried' 'Drew Kenney' 'Brooks Forester' 'Zak Waddell'
 'Michael Garofola' 'James Case' 'Juan Pablo Galavis' 'Kasey Stewart'
 'Mikey Tenerelli' 'Ben Scott' 'Bryden Vukasin' 'Zack Kalter'
 'Brad McKinzie' 'Brandon Andreen' 'Dan Cox' 'Brian Jarosinski'
 'Nick Mucci' 'Robert Graham' 'Will Reese' 'Diogo Custodio'
 'Larry Burchett' 'Micah Heisler' 'Mike R.' 'Nick Roy'
 'Jonathan Vollinger']",
10,9,11,Week 10,8/5/13,"['Chris Siegfried' 'Drew Kenney' 'Brooks Forester' 'Zak Waddell'
 'Michael Garofola' 'James Case' 'Juan Pablo Galavis' 'Kasey Stewart'
 'Mikey Tenerelli' 'Ben Scott' 'Bryden Vukasin' 'Zack Kalter'
 'Brad McKinzie' 'Brandon Andreen' 'Dan Cox' 'Brian Jarosinski'
 'Nick Mucci' 'Robert Graham' 'Will Reese' 'Diogo Custodio'
 'Larry Burchett' 'Micah Heisler' 'Mike R.' 'Nick Roy'
 'Jonathan Vollinger']",
12,10,1,Week 1,5/19/14,"['Josh Murray' 'Nick Viall' 'Chris Soules' 'Marcus Grodd' 'Brian Osborne'
 'Dylan Petitt' 'Joseph John ""J.J."" O\'Brien' 'Cody Sattler'
 'Andrew Poole' 'Marquel Martin' 'Patrick Jagodzinski' 'Tasos Hernandez'
 'Eric Hill' 'Bradley Wisk' 'Brett Melnick' 'Ron Worrell' 'Carl King'
 'Craig Muhlbauer' 'Nick Sutter' 'Emil Schaffroth' 'Jason Leep'
 'Josh Bauer' 'Mike Campanelli' 'Rudie Dane' 'Steven Woolworth']",
13,10,2,Week 2,5/26/14,"['Josh Murray' 'Nick Viall' 'Chris Soules' 'Marcus Grodd' 'Brian Osborne'
 'Dylan Petitt' 'Joseph John ""J.J."" O\'Brien' 'Cody Sattler'
 'Andrew Poole' 'Marquel Martin' 'Patrick Jagodzinski' 'Tasos Hernandez'
 'Eric Hill' 'Bradley Wisk' 'Brett Melnick' 'Ron Worrell' 'Carl King'
 'Craig Muhlbauer' 'Nick Sutter' 'Emil Schaffroth' 'Jason Leep'
 'Josh Bauer' 'Mike Campanelli' 'Rudie Dane' 'Steven Woolworth']",
14,10,3,Week 3,6/1/14,"['Josh Murray' 'Nick Viall' 'Chris Soules' 'Marcus Grodd' 'Brian Osborne'
 'Dylan Petitt' 'Joseph John ""J.J."" O\'Brien' 'Cody Sattler'
 'Andrew Poole' 'Marquel Martin' 'Patrick Jagodzinski' 'Tasos Hernandez'
 'Eric Hill' 'Bradley Wisk' 'Brett Melnick' 'Ron Worrell' 'Carl King'
 'Craig Muhlbauer' 'Nick Sutter' 'Emil Schaffroth' 'Jason Leep'
 'Josh Bauer' 'Mike Campanelli' 'Rudie Dane' 'Steven Woolworth']",
15,10,4,Week 4,6/2/14,"['Josh Murray' 'Nick Viall' 'Chris Soules' 'Marcus Grodd' 'Brian Osborne'
 'Dylan Petitt' 'Joseph John ""J.J."" O\'Brien' 'Cody Sattler'
 'Andrew Poole' 'Marquel Martin' 'Patrick Jagodzinski' 'Tasos Hernandez'
 'Eric Hill' 'Bradley Wisk' 'Brett Melnick' 'Ron Worrell' 'Carl King'
 'Craig Muhlbauer' 'Nick Sutter' 'Emil Schaffroth' 'Jason Leep'
 'Josh Bauer' 'Mike Campanelli' 'Rudie Dane' 'Steven Woolworth']",
17,10,6,Week 5,6/16/14,"['Josh Murray' 'Nick Viall' 'Chris Soules' 'Marcus Grodd' 'Brian Osborne'
 'Dylan Petitt' 'Joseph John ""J.J."" O\'Brien' 'Cody Sattler'
 'Andrew Poole' 'Marquel Martin' 'Patrick Jagodzinski' 'Tasos Hernandez'
 'Eric Hill' 'Bradley Wisk' 'Brett Melnick' 'Ron Worrell' 'Carl King'
 'Craig Muhlbauer' 'Nick Sutter' 'Emil Schaffroth' 'Jason Leep'
 'Josh Bauer' 'Mike Campanelli' 'Rudie Dane' 'Steven Woolworth']",
18,10,7,Week 6,6/23/14,"['Josh Murray' 'Nick Viall' 'Chris Soules' 'Marcus Grodd' 'Brian Osborne'
 'Dylan Petitt' 'Joseph John ""J.J."" O\'Brien' 'Cody Sattler'
 'Andrew Poole' 'Marquel Martin' 'Patrick Jagodzinski' 'Tasos Hernandez'
 'Eric Hill' 'Bradley Wisk' 'Brett Melnick' 'Ron Worrell' 'Carl King'
 'Craig Muhlbauer' 'Nick Sutter' 'Emil Schaffroth' 'Jason Leep'
 'Josh Bauer' 'Mike Campanelli' 'Rudie Dane' 'Steven Woolworth']",
19,10,8,Week 7,6/30/14,"['Josh Murray' 'Nick Viall' 'Chris Soules' 'Marcus Grodd' 'Brian Osborne'
 'Dylan Petitt' 'Joseph John ""J.J."" O\'Brien' 'Cody Sattler'
 'Andrew Poole' 'Marquel Martin' 'Patrick Jagodzinski' 'Tasos Hernandez'
 'Eric Hill' 'Bradley Wisk' 'Brett Melnick' 'Ron Worrell' 'Carl King'
 'Craig Muhlbauer' 'Nick Sutter' 'Emil Schaffroth' 'Jason Leep'
 'Josh Bauer' 'Mike Campanelli' 'Rudie Dane' 'Steven Woolworth']",
20,10,9,Week 8,7/7/14,"['Josh Murray' 'Nick Viall' 'Chris Soules' 'Marcus Grodd' 'Brian Osborne'
 'Dylan Petitt' 'Joseph John ""J.J."" O\'Brien' 'Cody Sattler'
 'Andrew Poole' 'Marquel Martin' 'Patrick Jagodzinski' 'Tasos Hernandez'
 'Eric Hill' 'Bradley Wisk' 'Brett Melnick' 'Ron Worrell' 'Carl King'
 'Craig Muhlbauer' 'Nick Sutter' 'Emil Schaffroth' 'Jason Leep'
 'Josh Bauer' 'Mike Campanelli' 'Rudie Dane' 'Steven Woolworth']",
21,10,10,Week 9,7/14/14,"['Josh Murray' 'Nick Viall' 'Chris Soules' 'Marcus Grodd' 'Brian Osborne'
 'Dylan Petitt' 'Joseph John ""J.J."" O\'Brien' 'Cody Sattler'
 'Andrew Poole' 'Marquel Martin' 'Patrick Jagodzinski' 'Tasos Hernandez'
 'Eric Hill' 'Bradley Wisk' 'Brett Melnick' 'Ron Worrell' 'Carl King'
 'Craig Muhlbauer' 'Nick Sutter' 'Emil Schaffroth' 'Jason Leep'
 'Josh Bauer' 'Mike Campanelli' 'Rudie Dane' 'Steven Woolworth']",
23,10,12,Week 10,7/28/14,"['Josh Murray' 'Nick Viall' 'Chris Soules' 'Marcus Grodd' 'Brian Osborne'
 'Dylan Petitt' 'Joseph John ""J.J."" O\'Brien' 'Cody Sattler'
 'Andrew Poole' 'Marquel Martin' 'Patrick Jagodzinski' 'Tasos Hernandez'
 'Eric Hill' 'Bradley Wisk' 'Brett Melnick' 'Ron Worrell' 'Carl King'
 'Craig Muhlbauer' 'Nick Sutter' 'Emil Schaffroth' 'Jason Leep'
 'Josh Bauer' 'Mike Campanelli' 'Rudie Dane' 'Steven Woolworth']",
26,11,2,Week 1,5/19/15,"['Shawn Booth' 'Nick Viall' 'Ben Higgins' 'Jared Haibon' 'Joe Bailey'
 'Chris Strandburg' 'Ben Zorn' 'Tanner Tolbert' 'John ""J.J."" Lane III'
 'Joshua Albers' 'Justin Reich' 'Ian Thomson' 'Corey Stansell'
 'Jonathan Holloway' 'Ryan Beckett' 'Clint Arlis' 'Tony Harris'
 'Cory Shivar' 'Daniel Finney' 'Kupah James' 'Bradley Cox' 'David'
 'Josh Seiter' 'Shawn Evans' 'Brady Toops' 'Ryan McDill']",
27,11,3,Week 2,5/25/15,"['Shawn Booth' 'Nick Viall' 'Ben Higgins' 'Jared Haibon' 'Joe Bailey'
 'Chris Strandburg' 'Ben Zorn' 'Tanner Tolbert' 'John ""J.J."" Lane III'
 'Joshua Albers' 'Justin Reich' 'Ian Thomson' 'Corey Stansell'
 'Jonathan Holloway' 'Ryan Beckett' 'Clint Arlis' 'Tony Harris'
 'Cory Shivar' 'Daniel Finney' 'Kupah James' 'Bradley Cox' 'David'
 'Josh Seiter' 'Shawn Evans' 'Brady Toops' 'Ryan McDill']",
28,11,4,Week 3,6/1/15,"['Shawn Booth' 'Nick Viall' 'Ben Higgins' 'Jared Haibon' 'Joe Bailey'
 'Chris Strandburg' 'Ben Zorn' 'Tanner Tolbert' 'John ""J.J."" Lane III'
 'Joshua Albers' 'Justin Reich' 'Ian Thomson' 'Corey Stansell'
 'Jonathan Holloway' 'Ryan Beckett' 'Clint Arlis' 'Tony Harris'
 'Cory Shivar' 'Daniel Finney' 'Kupah James' 'Bradley Cox' 'David'
 'Josh Seiter' 'Shawn Evans' 'Brady Toops' 'Ryan McDill']",
29,11,5,Week 4,6/8/15,"['Shawn Booth' 'Nick Viall' 'Ben Higgins' 'Jared Haibon' 'Joe Bailey'
 'Chris Strandburg' 'Ben Zorn' 'Tanner Tolbert' 'John ""J.J."" Lane III'
 'Joshua Albers' 'Justin Reich' 'Ian Thomson' 'Corey Stansell'
 'Jonathan Holloway' 'Ryan Beckett' 'Clint Arlis' 'Tony Harris'
 'Cory Shivar' 'Daniel Finney' 'Kupah James' 'Bradley Cox' 'David'
 'Josh Seiter' 'Shawn Evans' 'Brady Toops' 'Ryan McDill']",
30,11,6,Week 5,6/15/15,"['Shawn Booth' 'Nick Viall' 'Ben Higgins' 'Jared Haibon' 'Joe Bailey'
 'Chris Strandburg' 'Ben Zorn' 'Tanner Tolbert' 'John ""J.J."" Lane III'
 'Joshua Albers' 'Justin Reich' 'Ian Thomson' 'Corey Stansell'
 'Jonathan Holloway' 'Ryan Beckett' 'Clint Arlis' 'Tony Harris'
 'Cory Shivar' 'Daniel Finney' 'Kupah James' 'Bradley Cox' 'David'
 'Josh Seiter' 'Shawn Evans' 'Brady Toops' 'Ryan McDill']",
31,11,7,Week 6,6/22/15,"['Shawn Booth' 'Nick Viall' 'Ben Higgins' 'Jared Haibon' 'Joe Bailey'
 'Chris Strandburg' 'Ben Zorn' 'Tanner Tolbert' 'John ""J.J."" Lane III'
 'Joshua Albers' 'Justin Reich' 'Ian Thomson' 'Corey Stansell'
 'Jonathan Holloway' 'Ryan Beckett' 'Clint Arlis' 'Tony Harris'
 'Cory Shivar' 'Daniel Finney' 'Kupah James' 'Bradley Cox' 'David'
 'Josh Seiter' 'Shawn Evans' 'Brady Toops' 'Ryan McDill']",
32,11,8,Week 7,6/29/15,"['Shawn Booth' 'Nick Viall' 'Ben Higgins' 'Jared Haibon' 'Joe Bailey'
 'Chris Strandburg' 'Ben Zorn' 'Tanner Tolbert' 'John ""J.J."" Lane III'
 'Joshua Albers' 'Justin Reich' 'Ian Thomson' 'Corey Stansell'
 'Jonathan Holloway' 'Ryan Beckett' 'Clint Arlis' 'Tony Harris'
 'Cory Shivar' 'Daniel Finney' 'Kupah James' 'Bradley Cox' 'David'
 'Josh Seiter' 'Shawn Evans' 'Brady Toops' 'Ryan McDill']",
33,11,9,Week 8,7/6/15,"['Shawn Booth' 'Nick Viall' 'Ben Higgins' 'Jared Haibon' 'Joe Bailey'
 'Chris Strandburg' 'Ben Zorn' 'Tanner Tolbert' 'John ""J.J."" Lane III'
 'Joshua Albers' 'Justin Reich' 'Ian Thomson' 'Corey Stansell'
 'Jonathan Holloway' 'Ryan Beckett' 'Clint Arlis' 'Tony Harris'
 'Cory Shivar' 'Daniel Finney' 'Kupah James' 'Bradley Cox' 'David'
 'Josh Seiter' 'Shawn Evans' 'Brady Toops' 'Ryan McDill']",
34,11,10,Week 9,7/13/15,"['Shawn Booth' 'Nick Viall' 'Ben Higgins' 'Jared Haibon' 'Joe Bailey'
 'Chris Strandburg' 'Ben Zorn' 'Tanner Tolbert' 'John ""J.J."" Lane III'
 'Joshua Albers' 'Justin Reich' 'Ian Thomson' 'Corey Stansell'
 'Jonathan Holloway' 'Ryan Beckett' 'Clint Arlis' 'Tony Harris'
 'Cory Shivar' 'Daniel Finney' 'Kupah James' 'Bradley Cox' 'David'
 'Josh Seiter' 'Shawn Evans' 'Brady Toops' 'Ryan McDill']",
36,11,12,Week 10,7/27/15,"['Shawn Booth' 'Nick Viall' 'Ben Higgins' 'Jared Haibon' 'Joe Bailey'
 'Chris Strandburg' 'Ben Zorn' 'Tanner Tolbert' 'John ""J.J."" Lane III'
 'Joshua Albers' 'Justin Reich' 'Ian Thomson' 'Corey Stansell'
 'Jonathan Holloway' 'Ryan Beckett' 'Clint Arlis' 'Tony Harris'
 'Cory Shivar' 'Daniel Finney' 'Kupah James' 'Bradley Cox' 'David'
 'Josh Seiter' 'Shawn Evans' 'Brady Toops' 'Ryan McDill']",
38,12,1,Week 1,5/23/16,"['Jordan Rodgers' 'Robert ""Robby"" Hayes' 'Chase McNary' 'Luke Pell'
 'James Taylor' 'Alexander ""Alex"" Woytkiw' 'Derek Peth' 'Wells Adams'
 'Evan Bass' 'Grant Kemp' 'Vincent ""Vinny"" Ventiera' 'Daniel Maguire'
 'James Fuertes' 'Brian ""Chad"" Johnson' 'Ali Zahiri' 'Christian Bishop'
 'Nicholas ""Nick"" Benvenutti' 'Brandon Howell' 'James Spadafore'
 'William ""Will"" Haduch' 'Colin ""Coley"" Knust' 'Jake Patton'
 'Jonathan Hamilton' 'Nicholas ""Nick"" Sharp' 'Peter Medina'
 'Salvatore ""Sal"" DeJulio']",
39,12,2,Week 2,5/30/16,"['Jordan Rodgers' 'Robert ""Robby"" Hayes' 'Chase McNary' 'Luke Pell'
 'James Taylor' 'Alexander ""Alex"" Woytkiw' 'Derek Peth' 'Wells Adams'
 'Evan Bass' 'Grant Kemp' 'Vincent ""Vinny"" Ventiera' 'Daniel Maguire'
 'James Fuertes' 'Brian ""Chad"" Johnson' 'Ali Zahiri' 'Christian Bishop'
 'Nicholas ""Nick"" Benvenutti' 'Brandon Howell' 'James Spadafore'
 'William ""Will"" Haduch' 'Colin ""Coley"" Knust' 'Jake Patton'
 'Jonathan Hamilton' 'Nicholas ""Nick"" Sharp' 'Peter Medina'
 'Salvatore ""Sal"" DeJulio']",
41,12,4,Week 3,6/7/16,"['Jordan Rodgers' 'Robert ""Robby"" Hayes' 'Chase McNary' 'Luke Pell'
 'James Taylor' 'Alexander ""Alex"" Woytkiw' 'Derek Peth' 'Wells Adams'
 'Evan Bass' 'Grant Kemp' 'Vincent ""Vinny"" Ventiera' 'Daniel Maguire'
 'James Fuertes' 'Brian ""Chad"" Johnson' 'Ali Zahiri' 'Christian Bishop'
 'Nicholas ""Nick"" Benvenutti' 'Brandon Howell' 'James Spadafore'
 'William ""Will"" Haduch' 'Colin ""Coley"" Knust' 'Jake Patton'
 'Jonathan Hamilton' 'Nicholas ""Nick"" Sharp' 'Peter Medina'
 'Salvatore ""Sal"" DeJulio']",
42,12,5,Week 4,6/20/16,"['Jordan Rodgers' 'Robert ""Robby"" Hayes' 'Chase McNary' 'Luke Pell'
 'James Taylor' 'Alexander ""Alex"" Woytkiw' 'Derek Peth' 'Wells Adams'
 'Evan Bass' 'Grant Kemp' 'Vincent ""Vinny"" Ventiera' 'Daniel Maguire'
 'James Fuertes' 'Brian ""Chad"" Johnson' 'Ali Zahiri' 'Christian Bishop'
 'Nicholas ""Nick"" Benvenutti' 'Brandon Howell' 'James Spadafore'
 'William ""Will"" Haduch' 'Colin ""Coley"" Knust' 'Jake Patton'
 'Jonathan Hamilton' 'Nicholas ""Nick"" Sharp' 'Peter Medina'
 'Salvatore ""Sal"" DeJulio']",
43,12,6,Week 5,6/27/16,"['Jordan Rodgers' 'Robert ""Robby"" Hayes' 'Chase McNary' 'Luke Pell'
 'James Taylor' 'Alexander ""Alex"" Woytkiw' 'Derek Peth' 'Wells Adams'
 'Evan Bass' 'Grant Kemp' 'Vincent ""Vinny"" Ventiera' 'Daniel Maguire'
 'James Fuertes' 'Brian ""Chad"" Johnson' 'Ali Zahiri' 'Christian Bishop'
 'Nicholas ""Nick"" Benvenutti' 'Brandon Howell' 'James Spadafore'
 'William ""Will"" Haduch' 'Colin ""Coley"" Knust' 'Jake Patton'
 'Jonathan Hamilton' 'Nicholas ""Nick"" Sharp' 'Peter Medina'
 'Salvatore ""Sal"" DeJulio']",
44,12,7,Week 6,7/11/16,"['Jordan Rodgers' 'Robert ""Robby"" Hayes' 'Chase McNary' 'Luke Pell'
 'James Taylor' 'Alexander ""Alex"" Woytkiw' 'Derek Peth' 'Wells Adams'
 'Evan Bass' 'Grant Kemp' 'Vincent ""Vinny"" Ventiera' 'Daniel Maguire'
 'James Fuertes' 'Brian ""Chad"" Johnson' 'Ali Zahiri' 'Christian Bishop'
 'Nicholas ""Nick"" Benvenutti' 'Brandon Howell' 'James Spadafore'
 'William ""Will"" Haduch' 'Colin ""Coley"" Knust' 'Jake Patton'
 'Jonathan Hamilton' 'Nicholas ""Nick"" Sharp' 'Peter Medina'
 'Salvatore ""Sal"" DeJulio']",
45,12,8,Week 7,7/18/16,"['Jordan Rodgers' 'Robert ""Robby"" Hayes' 'Chase McNary' 'Luke Pell'
 'James Taylor' 'Alexander ""Alex"" Woytkiw' 'Derek Peth' 'Wells Adams'
 'Evan Bass' 'Grant Kemp' 'Vincent ""Vinny"" Ventiera' 'Daniel Maguire'
 'James Fuertes' 'Brian ""Chad"" Johnson' 'Ali Zahiri' 'Christian Bishop'
 'Nicholas ""Nick"" Benvenutti' 'Brandon Howell' 'James Spadafore'
 'William ""Will"" Haduch' 'Colin ""Coley"" Knust' 'Jake Patton'
 'Jonathan Hamilton' 'Nicholas ""Nick"" Sharp' 'Peter Medina'
 'Salvatore ""Sal"" DeJulio']",
46,12,9,Week 8,7/25/16,"['Jordan Rodgers' 'Robert ""Robby"" Hayes' 'Chase McNary' 'Luke Pell'
 'James Taylor' 'Alexander ""Alex"" Woytkiw' 'Derek Peth' 'Wells Adams'
 'Evan Bass' 'Grant Kemp' 'Vincent ""Vinny"" Ventiera' 'Daniel Maguire'
 'James Fuertes' 'Brian ""Chad"" Johnson' 'Ali Zahiri' 'Christian Bishop'
 'Nicholas ""Nick"" Benvenutti' 'Brandon Howell' 'James Spadafore'
 'William ""Will"" Haduch' 'Colin ""Coley"" Knust' 'Jake Patton'
 'Jonathan Hamilton' 'Nicholas ""Nick"" Sharp' 'Peter Medina'
 'Salvatore ""Sal"" DeJulio']",
48,12,11,Week 9,8/1/16,"['Jordan Rodgers' 'Robert ""Robby"" Hayes' 'Chase McNary' 'Luke Pell'
 'James Taylor' 'Alexander ""Alex"" Woytkiw' 'Derek Peth' 'Wells Adams'
 'Evan Bass' 'Grant Kemp' 'Vincent ""Vinny"" Ventiera' 'Daniel Maguire'
 'James Fuertes' 'Brian ""Chad"" Johnson' 'Ali Zahiri' 'Christian Bishop'
 'Nicholas ""Nick"" Benvenutti' 'Brandon Howell' 'James Spadafore'
 'William ""Will"" Haduch' 'Colin ""Coley"" Knust' 'Jake Patton'
 'Jonathan Hamilton' 'Nicholas ""Nick"" Sharp' 'Peter Medina'
 'Salvatore ""Sal"" DeJulio']",
50,13,1,Week 1,5/22/17,"['Bryan Abasolo' 'Peter Kraus ' 'Eric Bigger' 'Dean Unglert'
 'Adam Gottschalk' 'Matthew ""Matt"" Munson' 'Aleksandr ""Alex"" Bordyukov'
 'William ""Will"" Gaskins' 'Kenny Layne' 'Anthony Battle' 'Josiah Graham'
 'Lee Garrett' 'Ignacio ""Iggy"" Rodriguez' 'Jonathan Treece' 'Jack Stone'
 'Brady Ervin' 'Kenneth ""Diggy"" Moreland' 'Bryce Powers'
 'Frederick ""Fred"" Johnson' 'Blake Elarbee' 'James ""Jamey"" Kocan'
 'Lucas Yancey' 'DeMario Jackson' 'Jedidiah Ballard' 'Michael Black'
 'Robert ""Rob"" Howard' 'Grant Hubsher' 'Blake Killpack' 'Milton LaCroix'
 'Mohit Sehgal' 'Kyle Sherwood']",
51,13,2,Week 2,5/29/17,"['Bryan Abasolo' 'Peter Kraus ' 'Eric Bigger' 'Dean Unglert'
 'Adam Gottschalk' 'Matthew ""Matt"" Munson' 'Aleksandr ""Alex"" Bordyukov'
 'William ""Will"" Gaskins' 'Kenny Layne' 'Anthony Battle' 'Josiah Graham'
 'Lee Garrett' 'Ignacio ""Iggy"" Rodriguez' 'Jonathan Treece' 'Jack Stone'
 'Brady Ervin' 'Kenneth ""Diggy"" Moreland' 'Bryce Powers'
 'Frederick ""Fred"" Johnson' 'Blake Elarbee' 'James ""Jamey"" Kocan'
 'Lucas Yancey' 'DeMario Jackson' 'Jedidiah Ballard' 'Michael Black'
 'Robert ""Rob"" Howard' 'Grant Hubsher' 'Blake Killpack' 'Milton LaCroix'
 'Mohit Sehgal' 'Kyle Sherwood']",
52,13,3,Week 3,6/5/17,"['Bryan Abasolo' 'Peter Kraus ' 'Eric Bigger' 'Dean Unglert'
 'Adam Gottschalk' 'Matthew ""Matt"" Munson' 'Aleksandr ""Alex"" Bordyukov'
 'William ""Will"" Gaskins' 'Kenny Layne' 'Anthony Battle' 'Josiah Graham'
 'Lee Garrett' 'Ignacio ""Iggy"" Rodriguez' 'Jonathan Treece' 'Jack Stone'
 'Brady Ervin' 'Kenneth ""Diggy"" Moreland' 'Bryce Powers'
 'Frederick ""Fred"" Johnson' 'Blake Elarbee' 'James ""Jamey"" Kocan'
 'Lucas Yancey' 'DeMario Jackson' 'Jedidiah Ballard' 'Michael Black'
 'Robert ""Rob"" Howard' 'Grant Hubsher' 'Blake Killpack' 'Milton LaCroix'
 'Mohit Sehgal' 'Kyle Sherwood']",
53,13,4,Week 4,6/19/17,"['Bryan Abasolo' 'Peter Kraus ' 'Eric Bigger' 'Dean Unglert'
 'Adam Gottschalk' 'Matthew ""Matt"" Munson' 'Aleksandr ""Alex"" Bordyukov'
 'William ""Will"" Gaskins' 'Kenny Layne' 'Anthony Battle' 'Josiah Graham'
 'Lee Garrett' 'Ignacio ""Iggy"" Rodriguez' 'Jonathan Treece' 'Jack Stone'
 'Brady Ervin' 'Kenneth ""Diggy"" Moreland' 'Bryce Powers'
 'Frederick ""Fred"" Johnson' 'Blake Elarbee' 'James ""Jamey"" Kocan'
 'Lucas Yancey' 'DeMario Jackson' 'Jedidiah Ballard' 'Michael Black'
 'Robert ""Rob"" Howard' 'Grant Hubsher' 'Blake Killpack' 'Milton LaCroix'
 'Mohit Sehgal' 'Kyle Sherwood']",
54,13,5,Week 5,6/26/17,"['Bryan Abasolo' 'Peter Kraus ' 'Eric Bigger' 'Dean Unglert'
 'Adam Gottschalk' 'Matthew ""Matt"" Munson' 'Aleksandr ""Alex"" Bordyukov'
 'William ""Will"" Gaskins' 'Kenny Layne' 'Anthony Battle' 'Josiah Graham'
 'Lee Garrett' 'Ignacio ""Iggy"" Rodriguez' 'Jonathan Treece' 'Jack Stone'
 'Brady Ervin' 'Kenneth ""Diggy"" Moreland' 'Bryce Powers'
 'Frederick ""Fred"" Johnson' 'Blake Elarbee' 'James ""Jamey"" Kocan'
 'Lucas Yancey' 'DeMario Jackson' 'Jedidiah Ballard' 'Michael Black'
 'Robert ""Rob"" Howard' 'Grant Hubsher' 'Blake Killpack' 'Milton LaCroix'
 'Mohit Sehgal' 'Kyle Sherwood']",
55,13,6,Week 5,6/27/17,"['Bryan Abasolo' 'Peter Kraus ' 'Eric Bigger' 'Dean Unglert'
 'Adam Gottschalk' 'Matthew ""Matt"" Munson' 'Aleksandr ""Alex"" Bordyukov'
 'William ""Will"" Gaskins' 'Kenny Layne' 'Anthony Battle' 'Josiah Graham'
 'Lee Garrett' 'Ignacio ""Iggy"" Rodriguez' 'Jonathan Treece' 'Jack Stone'
 'Brady Ervin' 'Kenneth ""Diggy"" Moreland' 'Bryce Powers'
 'Frederick ""Fred"" Johnson' 'Blake Elarbee' 'James ""Jamey"" Kocan'
 'Lucas Yancey' 'DeMario Jackson' 'Jedidiah Ballard' 'Michael Black'
 'Robert ""Rob"" Howard' 'Grant Hubsher' 'Blake Killpack' 'Milton LaCroix'
 'Mohit Sehgal' 'Kyle Sherwood']",
56,13,7,Week 6,7/10/17,"['Bryan Abasolo' 'Peter Kraus ' 'Eric Bigger' 'Dean Unglert'
 'Adam Gottschalk' 'Matthew ""Matt"" Munson' 'Aleksandr ""Alex"" Bordyukov'
 'William ""Will"" Gaskins' 'Kenny Layne' 'Anthony Battle' 'Josiah Graham'
 'Lee Garrett' 'Ignacio ""Iggy"" Rodriguez' 'Jonathan Treece' 'Jack Stone'
 'Brady Ervin' 'Kenneth ""Diggy"" Moreland' 'Bryce Powers'
 'Frederick ""Fred"" Johnson' 'Blake Elarbee' 'James ""Jamey"" Kocan'
 'Lucas Yancey' 'DeMario Jackson' 'Jedidiah Ballard' 'Michael Black'
 'Robert ""Rob"" Howard' 'Grant Hubsher' 'Blake Killpack' 'Milton LaCroix'
 'Mohit Sehgal' 'Kyle Sherwood']",
57,13,8,Week 7,7/17/17,"['Bryan Abasolo' 'Peter Kraus ' 'Eric Bigger' 'Dean Unglert'
 'Adam Gottschalk' 'Matthew ""Matt"" Munson' 'Aleksandr ""Alex"" Bordyukov'
 'William ""Will"" Gaskins' 'Kenny Layne' 'Anthony Battle' 'Josiah Graham'
 'Lee Garrett' 'Ignacio ""Iggy"" Rodriguez' 'Jonathan Treece' 'Jack Stone'
 'Brady Ervin' 'Kenneth ""Diggy"" Moreland' 'Bryce Powers'
 'Frederick ""Fred"" Johnson' 'Blake Elarbee' 'James ""Jamey"" Kocan'
 'Lucas Yancey' 'DeMario Jackson' 'Jedidiah Ballard' 'Michael Black'
 'Robert ""Rob"" Howard' 'Grant Hubsher' 'Blake Killpack' 'Milton LaCroix'
 'Mohit Sehgal' 'Kyle Sherwood']",
58,13,9,Week 8,7/24/17,"['Bryan Abasolo' 'Peter Kraus ' 'Eric Bigger' 'Dean Unglert'
 'Adam Gottschalk' 'Matthew ""Matt"" Munson' 'Aleksandr ""Alex"" Bordyukov'
 'William ""Will"" Gaskins' 'Kenny Layne' 'Anthony Battle' 'Josiah Graham'
 'Lee Garrett' 'Ignacio ""Iggy"" Rodriguez' 'Jonathan Treece' 'Jack Stone'
 'Brady Ervin' 'Kenneth ""Diggy"" Moreland' 'Bryce Powers'
 'Frederick ""Fred"" Johnson' 'Blake Elarbee' 'James ""Jamey"" Kocan'
 'Lucas Yancey' 'DeMario Jackson' 'Jedidiah Ballard' 'Michael Black'
 'Robert ""Rob"" Howard' 'Grant Hubsher' 'Blake Killpack' 'Milton LaCroix'
 'Mohit Sehgal' 'Kyle Sherwood']",
60,13,11,Week 9,8/7/17,"['Bryan Abasolo' 'Peter Kraus ' 'Eric Bigger' 'Dean Unglert'
 'Adam Gottschalk' 'Matthew ""Matt"" Munson' 'Aleksandr ""Alex"" Bordyukov'
 'William ""Will"" Gaskins' 'Kenny Layne' 'Anthony Battle' 'Josiah Graham'
 'Lee Garrett' 'Ignacio ""Iggy"" Rodriguez' 'Jonathan Treece' 'Jack Stone'
 'Brady Ervin' 'Kenneth ""Diggy"" Moreland' 'Bryce Powers'
 'Frederick ""Fred"" Johnson' 'Blake Elarbee' 'James ""Jamey"" Kocan'
 'Lucas Yancey' 'DeMario Jackson' 'Jedidiah Ballard' 'Michael Black'
 'Robert ""Rob"" Howard' 'Grant Hubsher' 'Blake Killpack' 'Milton LaCroix'
 'Mohit Sehgal' 'Kyle Sherwood']",
61,14,1,Week 1,5/28/18,"['Garrett Yrigoyen' 'Blake Horstmann' 'Jason Tartick' 'Colton Underwood'
 'William ""Wills"" Reid' 'Leandro ""Leo"" Dottavio' 'Connor Obrochta'
 'Lincoln Adim' 'Chris Randone' 'John Graham' 'Jordan Kimball'
 'David Ravitz' 'Christon Staples' 'Nicholas ""Nick"" Spetsas' 'Jean Blanc'
 'Michael ""Mike"" Renner' 'Ryan Peterson' 'Clay Harbor' 'Alex Templeman'
 'Rickey Jasper' 'Trent Jespersen' 'Chase Vergason' 'Christian Estrada'
 'Darius Feaster' 'Grant Vandevanter' 'Joe Amabile' 'Kamil Nicalek'
 'Jake Enyeart']",
62,14,2,Week 2,6/4/18,"['Garrett Yrigoyen' 'Blake Horstmann' 'Jason Tartick' 'Colton Underwood'
 'William ""Wills"" Reid' 'Leandro ""Leo"" Dottavio' 'Connor Obrochta'
 'Lincoln Adim' 'Chris Randone' 'John Graham' 'Jordan Kimball'
 'David Ravitz' 'Christon Staples' 'Nicholas ""Nick"" Spetsas' 'Jean Blanc'
 'Michael ""Mike"" Renner' 'Ryan Peterson' 'Clay Harbor' 'Alex Templeman'
 'Rickey Jasper' 'Trent Jespersen' 'Chase Vergason' 'Christian Estrada'
 'Darius Feaster' 'Grant Vandevanter' 'Joe Amabile' 'Kamil Nicalek'
 'Jake Enyeart']",
63,14,3,Week 3,6/11/18,"['Garrett Yrigoyen' 'Blake Horstmann' 'Jason Tartick' 'Colton Underwood'
 'William ""Wills"" Reid' 'Leandro ""Leo"" Dottavio' 'Connor Obrochta'
 'Lincoln Adim' 'Chris Randone' 'John Graham' 'Jordan Kimball'
 'David Ravitz' 'Christon Staples' 'Nicholas ""Nick"" Spetsas' 'Jean Blanc'
 'Michael ""Mike"" Renner' 'Ryan Peterson' 'Clay Harbor' 'Alex Templeman'
 'Rickey Jasper' 'Trent Jespersen' 'Chase Vergason' 'Christian Estrada'
 'Darius Feaster' 'Grant Vandevanter' 'Joe Amabile' 'Kamil Nicalek'
 'Jake Enyeart']",
64,14,4,Week 4,6/18/18,"['Garrett Yrigoyen' 'Blake Horstmann' 'Jason Tartick' 'Colton Underwood'
 'William ""Wills"" Reid' 'Leandro ""Leo"" Dottavio' 'Connor Obrochta'
 'Lincoln Adim' 'Chris Randone' 'John Graham' 'Jordan Kimball'
 'David Ravitz' 'Christon Staples' 'Nicholas ""Nick"" Spetsas' 'Jean Blanc'
 'Michael ""Mike"" Renner' 'Ryan Peterson' 'Clay Harbor' 'Alex Templeman'
 'Rickey Jasper' 'Trent Jespersen' 'Chase Vergason' 'Christian Estrada'
 'Darius Feaster' 'Grant Vandevanter' 'Joe Amabile' 'Kamil Nicalek'
 'Jake Enyeart']",
65,14,5,Week 5,6/25/18,"['Garrett Yrigoyen' 'Blake Horstmann' 'Jason Tartick' 'Colton Underwood'
 'William ""Wills"" Reid' 'Leandro ""Leo"" Dottavio' 'Connor Obrochta'
 'Lincoln Adim' 'Chris Randone' 'John Graham' 'Jordan Kimball'
 'David Ravitz' 'Christon Staples' 'Nicholas ""Nick"" Spetsas' 'Jean Blanc'
 'Michael ""Mike"" Renner' 'Ryan Peterson' 'Clay Harbor' 'Alex Templeman'
 'Rickey Jasper' 'Trent Jespersen' 'Chase Vergason' 'Christian Estrada'
 'Darius Feaster' 'Grant Vandevanter' 'Joe Amabile' 'Kamil Nicalek'
 'Jake Enyeart']",
66,14,6,Week 6,7/2/18,"['Garrett Yrigoyen' 'Blake Horstmann' 'Jason Tartick' 'Colton Underwood'
 'William ""Wills"" Reid' 'Leandro ""Leo"" Dottavio' 'Connor Obrochta'
 'Lincoln Adim' 'Chris Randone' 'John Graham' 'Jordan Kimball'
 'David Ravitz' 'Christon Staples' 'Nicholas ""Nick"" Spetsas' 'Jean Blanc'
 'Michael ""Mike"" Renner' 'Ryan Peterson' 'Clay Harbor' 'Alex Templeman'
 'Rickey Jasper' 'Trent Jespersen' 'Chase Vergason' 'Christian Estrada'
 'Darius Feaster' 'Grant Vandevanter' 'Joe Amabile' 'Kamil Nicalek'
 'Jake Enyeart']",
67,14,7,Week 7,7/9/18,"['Garrett Yrigoyen' 'Blake Horstmann' 'Jason Tartick' 'Colton Underwood'
 'William ""Wills"" Reid' 'Leandro ""Leo"" Dottavio' 'Connor Obrochta'
 'Lincoln Adim' 'Chris Randone' 'John Graham' 'Jordan Kimball'
 'David Ravitz' 'Christon Staples' 'Nicholas ""Nick"" Spetsas' 'Jean Blanc'
 'Michael ""Mike"" Renner' 'Ryan Peterson' 'Clay Harbor' 'Alex Templeman'
 'Rickey Jasper' 'Trent Jespersen' 'Chase Vergason' 'Christian Estrada'
 'Darius Feaster' 'Grant Vandevanter' 'Joe Amabile' 'Kamil Nicalek'
 'Jake Enyeart']",
68,14,8,Week 8,7/16/18,"['Garrett Yrigoyen' 'Blake Horstmann' 'Jason Tartick' 'Colton Underwood'
 'William ""Wills"" Reid' 'Leandro ""Leo"" Dottavio' 'Connor Obrochta'
 'Lincoln Adim' 'Chris Randone' 'John Graham' 'Jordan Kimball'
 'David Ravitz' 'Christon Staples' 'Nicholas ""Nick"" Spetsas' 'Jean Blanc'
 'Michael ""Mike"" Renner' 'Ryan Peterson' 'Clay Harbor' 'Alex Templeman'
 'Rickey Jasper' 'Trent Jespersen' 'Chase Vergason' 'Christian Estrada'
 'Darius Feaster' 'Grant Vandevanter' 'Joe Amabile' 'Kamil Nicalek'
 'Jake Enyeart']",
69,14,9,Week 9,7/23/18,"['Garrett Yrigoyen' 'Blake Horstmann' 'Jason Tartick' 'Colton Underwood'
 'William ""Wills"" Reid' 'Leandro ""Leo"" Dottavio' 'Connor Obrochta'
 'Lincoln Adim' 'Chris Randone' 'John Graham' 'Jordan Kimball'
 'David Ravitz' 'Christon Staples' 'Nicholas ""Nick"" Spetsas' 'Jean Blanc'
 'Michael ""Mike"" Renner' 'Ryan Peterson' 'Clay Harbor' 'Alex Templeman'
 'Rickey Jasper' 'Trent Jespersen' 'Chase Vergason' 'Christian Estrada'
 'Darius Feaster' 'Grant Vandevanter' 'Joe Amabile' 'Kamil Nicalek'
 'Jake Enyeart']",
71,14,11,Week 10,8/6/18,"['Garrett Yrigoyen' 'Blake Horstmann' 'Jason Tartick' 'Colton Underwood'
 'William ""Wills"" Reid' 'Leandro ""Leo"" Dottavio' 'Connor Obrochta'
 'Lincoln Adim' 'Chris Randone' 'John Graham' 'Jordan Kimball'
 'David Ravitz' 'Christon Staples' 'Nicholas ""Nick"" Spetsas' 'Jean Blanc'
 'Michael ""Mike"" Renner' 'Ryan Peterson' 'Clay Harbor' 'Alex Templeman'
 'Rickey Jasper' 'Trent Jespersen' 'Chase Vergason' 'Christian Estrada'
 'Darius Feaster' 'Grant Vandevanter' 'Joe Amabile' 'Kamil Nicalek'
 'Jake Enyeart']",
72,15,1,Week 1,5/13/19,"['Jed Wyatt ' 'Tyler Cameron' 'Peter Weber' 'Luke Parker' 'Garrett Powell'
 'Mike Johnson' 'Connor Saeli' 'Dustin Kendrick' 'Dylan Barbour'
 'Devin Harris' 'Grant Eckel' 'Kevin Fortenberry' 'John Paul Jones'
 'Matteo Valles' 'Luke Stone' 'Cameron ""Cam"" Ayala' 'Joey Jones'
 'Jonathan Saunders' 'Tyler Gwozdz†' 'Connor Jenkins' 'Daron Blaylock'
 'Matthew Spraggins' 'Brian Bowles' 'Chasen Coscia' 'Hunter Jones'
 'Joe Barsano' 'Matt Donald' 'Ryan Spirko' 'Thomas Staton'
 'Scott Andersen']",
73,15,2,Week 2,5/20/19,"['Jed Wyatt ' 'Tyler Cameron' 'Peter Weber' 'Luke Parker' 'Garrett Powell'
 'Mike Johnson' 'Connor Saeli' 'Dustin Kendrick' 'Dylan Barbour'
 'Devin Harris' 'Grant Eckel' 'Kevin Fortenberry' 'John Paul Jones'
 'Matteo Valles' 'Luke Stone' 'Cameron ""Cam"" Ayala' 'Joey Jones'
 'Jonathan Saunders' 'Tyler Gwozdz†' 'Connor Jenkins' 'Daron Blaylock'
 'Matthew Spraggins' 'Brian Bowles' 'Chasen Coscia' 'Hunter Jones'
 'Joe Barsano' 'Matt Donald' 'Ryan Spirko' 'Thomas Staton'
 'Scott Andersen']",
74,15,3,Week 3,5/27/19,"['Jed Wyatt ' 'Tyler Cameron' 'Peter Weber' 'Luke Parker' 'Garrett Powell'
 'Mike Johnson' 'Connor Saeli' 'Dustin Kendrick' 'Dylan Barbour'
 'Devin Harris' 'Grant Eckel' 'Kevin Fortenberry' 'John Paul Jones'
 'Matteo Valles' 'Luke Stone' 'Cameron ""Cam"" Ayala' 'Joey Jones'
 'Jonathan Saunders' 'Tyler Gwozdz†' 'Connor Jenkins' 'Daron Blaylock'
 'Matthew Spraggins' 'Brian Bowles' 'Chasen Coscia' 'Hunter Jones'
 'Joe Barsano' 'Matt Donald' 'Ryan Spirko' 'Thomas Staton'
 'Scott Andersen']",
75,15,4,Week 4,6/3/19,"['Jed Wyatt ' 'Tyler Cameron' 'Peter Weber' 'Luke Parker' 'Garrett Powell'
 'Mike Johnson' 'Connor Saeli' 'Dustin Kendrick' 'Dylan Barbour'
 'Devin Harris' 'Grant Eckel' 'Kevin Fortenberry' 'John Paul Jones'
 'Matteo Valles' 'Luke Stone' 'Cameron ""Cam"" Ayala' 'Joey Jones'
 'Jonathan Saunders' 'Tyler Gwozdz†' 'Connor Jenkins' 'Daron Blaylock'
 'Matthew Spraggins' 'Brian Bowles' 'Chasen Coscia' 'Hunter Jones'
 'Joe Barsano' 'Matt Donald' 'Ryan Spirko' 'Thomas Staton'
 'Scott Andersen']",
77,15,6,Week 5,6/17/19,"['Jed Wyatt ' 'Tyler Cameron' 'Peter Weber' 'Luke Parker' 'Garrett Powell'
 'Mike Johnson' 'Connor Saeli' 'Dustin Kendrick' 'Dylan Barbour'
 'Devin Harris' 'Grant Eckel' 'Kevin Fortenberry' 'John Paul Jones'
 'Matteo Valles' 'Luke Stone' 'Cameron ""Cam"" Ayala' 'Joey Jones'
 'Jonathan Saunders' 'Tyler Gwozdz†' 'Connor Jenkins' 'Daron Blaylock'
 'Matthew Spraggins' 'Brian Bowles' 'Chasen Coscia' 'Hunter Jones'
 'Joe Barsano' 'Matt Donald' 'Ryan Spirko' 'Thomas Staton'
 'Scott Andersen']",
78,15,7,Week 6,6/24/19,"['Jed Wyatt ' 'Tyler Cameron' 'Peter Weber' 'Luke Parker' 'Garrett Powell'
 'Mike Johnson' 'Connor Saeli' 'Dustin Kendrick' 'Dylan Barbour'
 'Devin Harris' 'Grant Eckel' 'Kevin Fortenberry' 'John Paul Jones'
 'Matteo Valles' 'Luke Stone' 'Cameron ""Cam"" Ayala' 'Joey Jones'
 'Jonathan Saunders' 'Tyler Gwozdz†' 'Connor Jenkins' 'Daron Blaylock'
 'Matthew Spraggins' 'Brian Bowles' 'Chasen Coscia' 'Hunter Jones'
 'Joe Barsano' 'Matt Donald' 'Ryan Spirko' 'Thomas Staton'
 'Scott Andersen']",
79,15,8,Week 7,7/1/19,"['Jed Wyatt ' 'Tyler Cameron' 'Peter Weber' 'Luke Parker' 'Garrett Powell'
 'Mike Johnson' 'Connor Saeli' 'Dustin Kendrick' 'Dylan Barbour'
 'Devin Harris' 'Grant Eckel' 'Kevin Fortenberry' 'John Paul Jones'
 'Matteo Valles' 'Luke Stone' 'Cameron ""Cam"" Ayala' 'Joey Jones'
 'Jonathan Saunders' 'Tyler Gwozdz†' 'Connor Jenkins' 'Daron Blaylock'
 'Matthew Spraggins' 'Brian Bowles' 'Chasen Coscia' 'Hunter Jones'
 'Joe Barsano' 'Matt Donald' 'Ryan Spirko' 'Thomas Staton'
 'Scott Andersen']",
80,15,9,Week 8,7/8/19,"['Jed Wyatt ' 'Tyler Cameron' 'Peter Weber' 'Luke Parker' 'Garrett Powell'
 'Mike Johnson' 'Connor Saeli' 'Dustin Kendrick' 'Dylan Barbour'
 'Devin Harris' 'Grant Eckel' 'Kevin Fortenberry' 'John Paul Jones'
 'Matteo Valles' 'Luke Stone' 'Cameron ""Cam"" Ayala' 'Joey Jones'
 'Jonathan Saunders' 'Tyler Gwozdz†' 'Connor Jenkins' 'Daron Blaylock'
 'Matthew Spraggins' 'Brian Bowles' 'Chasen Coscia' 'Hunter Jones'
 'Joe Barsano' 'Matt Donald' 'Ryan Spirko' 'Thomas Staton'
 'Scott Andersen']",
81,15,10,Week 9,7/15/19,"['Jed Wyatt ' 'Tyler Cameron' 'Peter Weber' 'Luke Parker' 'Garrett Powell'
 'Mike Johnson' 'Connor Saeli' 'Dustin Kendrick' 'Dylan Barbour'
 'Devin Harris' 'Grant Eckel' 'Kevin Fortenberry' 'John Paul Jones'
 'Matteo Valles' 'Luke Stone' 'Cameron ""Cam"" Ayala' 'Joey Jones'
 'Jonathan Saunders' 'Tyler Gwozdz†' 'Connor Jenkins' 'Daron Blaylock'
 'Matthew Spraggins' 'Brian Bowles' 'Chasen Coscia' 'Hunter Jones'
 'Joe Barsano' 'Matt Donald' 'Ryan Spirko' 'Thomas Staton'
 'Scott Andersen']",
83,15,12,Week 10,7/29/19,"['Jed Wyatt ' 'Tyler Cameron' 'Peter Weber' 'Luke Parker' 'Garrett Powell'
 'Mike Johnson' 'Connor Saeli' 'Dustin Kendrick' 'Dylan Barbour'
 'Devin Harris' 'Grant Eckel' 'Kevin Fortenberry' 'John Paul Jones'
 'Matteo Valles' 'Luke Stone' 'Cameron ""Cam"" Ayala' 'Joey Jones'
 'Jonathan Saunders' 'Tyler Gwozdz†' 'Connor Jenkins' 'Daron Blaylock'
 'Matthew Spraggins' 'Brian Bowles' 'Chasen Coscia' 'Hunter Jones'
 'Joe Barsano' 'Matt Donald' 'Ryan Spirko' 'Thomas Staton'
 'Scott Andersen']",
85,16,1,Week 1,10/13/20,"['Dale Moss' 'Zac Clark' 'Ben Smith' 'Ivan Hall' 'Brendan Morais'
 'Bennett Jordan' 'Noah Erb' 'Riley Christian' 'Blake Moynes'
 'Demar Jackson' 'Ed Waisbrot' 'Spencer Robertson'
 'Uzoma ""Eazy"" Nwachukwu' 'Chasen Nick' 'Joe Park' 'Jordan Chapman'
 'Kenny Braasch' 'Jay Smith' 'Montel Hill' 'Peter Giannikopoulos'
 'Jason Foster' 'Zach Jackson' 'Blake Monar' 'Garin Flowers' 'Tyler Smith'
 'Yosef Aborady' 'Brandon Goss' 'AJ Yalawan' 'Chris Conran'
 'Jeremy Higgins' 'Jordan Manier' 'Mike Tobin' 'Page Pressley'
 'Robby Stahl' 'Tyler Cottrill' 'Week 1']",
86,16,2,Week 2,10/20/20,"['Dale Moss' 'Zac Clark' 'Ben Smith' 'Ivan Hall' 'Brendan Morais'
 'Bennett Jordan' 'Noah Erb' 'Riley Christian' 'Blake Moynes'
 'Demar Jackson' 'Ed Waisbrot' 'Spencer Robertson'
 'Uzoma ""Eazy"" Nwachukwu' 'Chasen Nick' 'Joe Park' 'Jordan Chapman'
 'Kenny Braasch' 'Jay Smith' 'Montel Hill' 'Peter Giannikopoulos'
 'Jason Foster' 'Zach Jackson' 'Blake Monar' 'Garin Flowers' 'Tyler Smith'
 'Yosef Aborady' 'Brandon Goss' 'AJ Yalawan' 'Chris Conran'
 'Jeremy Higgins' 'Jordan Manier' 'Mike Tobin' 'Page Pressley'
 'Robby Stahl' 'Tyler Cottrill' 'Week 1']",
87,16,3,Week 3,10/27/20,"['Dale Moss' 'Zac Clark' 'Ben Smith' 'Ivan Hall' 'Brendan Morais'
 'Bennett Jordan' 'Noah Erb' 'Riley Christian' 'Blake Moynes'
 'Demar Jackson' 'Ed Waisbrot' 'Spencer Robertson'
 'Uzoma ""Eazy"" Nwachukwu' 'Chasen Nick' 'Joe Park' 'Jordan Chapman'
 'Kenny Braasch' 'Jay Smith' 'Montel Hill' 'Peter Giannikopoulos'
 'Jason Foster' 'Zach Jackson' 'Blake Monar' 'Garin Flowers' 'Tyler Smith'
 'Yosef Aborady' 'Brandon Goss' 'AJ Yalawan' 'Chris Conran'
 'Jeremy Higgins' 'Jordan Manier' 'Mike Tobin' 'Page Pressley'
 'Robby Stahl' 'Tyler Cottrill' 'Week 1']",
88,16,4,Week 4,11/5/20,"['Dale Moss' 'Zac Clark' 'Ben Smith' 'Ivan Hall' 'Brendan Morais'
 'Bennett Jordan' 'Noah Erb' 'Riley Christian' 'Blake Moynes'
 'Demar Jackson' 'Ed Waisbrot' 'Spencer Robertson'
 'Uzoma ""Eazy"" Nwachukwu' 'Chasen Nick' 'Joe Park' 'Jordan Chapman'
 'Kenny Braasch' 'Jay Smith' 'Montel Hill' 'Peter Giannikopoulos'
 'Jason Foster' 'Zach Jackson' 'Blake Monar' 'Garin Flowers' 'Tyler Smith'
 'Yosef Aborady' 'Brandon Goss' 'AJ Yalawan' 'Chris Conran'
 'Jeremy Higgins' 'Jordan Manier' 'Mike Tobin' 'Page Pressley'
 'Robby Stahl' 'Tyler Cottrill' 'Week 1']",
89,16,5,Week 5,11/10/20,"['Dale Moss' 'Zac Clark' 'Ben Smith' 'Ivan Hall' 'Brendan Morais'
 'Bennett Jordan' 'Noah Erb' 'Riley Christian' 'Blake Moynes'
 'Demar Jackson' 'Ed Waisbrot' 'Spencer Robertson'
 'Uzoma ""Eazy"" Nwachukwu' 'Chasen Nick' 'Joe Park' 'Jordan Chapman'
 'Kenny Braasch' 'Jay Smith' 'Montel Hill' 'Peter Giannikopoulos'
 'Jason Foster' 'Zach Jackson' 'Blake Monar' 'Garin Flowers' 'Tyler Smith'
 'Yosef Aborady' 'Brandon Goss' 'AJ Yalawan' 'Chris Conran'
 'Jeremy Higgins' 'Jordan Manier' 'Mike Tobin' 'Page Pressley'
 'Robby Stahl' 'Tyler Cottrill' 'Week 1']",
90,16,6,Week 6,11/17/20,"['Dale Moss' 'Zac Clark' 'Ben Smith' 'Ivan Hall' 'Brendan Morais'
 'Bennett Jordan' 'Noah Erb' 'Riley Christian' 'Blake Moynes'
 'Demar Jackson' 'Ed Waisbrot' 'Spencer Robertson'
 'Uzoma ""Eazy"" Nwachukwu' 'Chasen Nick' 'Joe Park' 'Jordan Chapman'
 'Kenny Braasch' 'Jay Smith' 'Montel Hill' 'Peter Giannikopoulos'
 'Jason Foster' 'Zach Jackson' 'Blake Monar' 'Garin Flowers' 'Tyler Smith'
 'Yosef Aborady' 'Brandon Goss' 'AJ Yalawan' 'Chris Conran'
 'Jeremy Higgins' 'Jordan Manier' 'Mike Tobin' 'Page Pressley'
 'Robby Stahl' 'Tyler Cottrill' 'Week 1']",
91,16,7,Week 7,11/24/20,"['Dale Moss' 'Zac Clark' 'Ben Smith' 'Ivan Hall' 'Brendan Morais'
 'Bennett Jordan' 'Noah Erb' 'Riley Christian' 'Blake Moynes'
 'Demar Jackson' 'Ed Waisbrot' 'Spencer Robertson'
 'Uzoma ""Eazy"" Nwachukwu' 'Chasen Nick' 'Joe Park' 'Jordan Chapman'
 'Kenny Braasch' 'Jay Smith' 'Montel Hill' 'Peter Giannikopoulos'
 'Jason Foster' 'Zach Jackson' 'Blake Monar' 'Garin Flowers' 'Tyler Smith'
 'Yosef Aborady' 'Brandon Goss' 'AJ Yalawan' 'Chris Conran'
 'Jeremy Higgins' 'Jordan Manier' 'Mike Tobin' 'Page Pressley'
 'Robby Stahl' 'Tyler Cottrill' 'Week 1']",
92,16,8,Week 8,12/1/20,"['Dale Moss' 'Zac Clark' 'Ben Smith' 'Ivan Hall' 'Brendan Morais'
 'Bennett Jordan' 'Noah Erb' 'Riley Christian' 'Blake Moynes'
 'Demar Jackson' 'Ed Waisbrot' 'Spencer Robertson'
 'Uzoma ""Eazy"" Nwachukwu' 'Chasen Nick' 'Joe Park' 'Jordan Chapman'
 'Kenny Braasch' 'Jay Smith' 'Montel Hill' 'Peter Giannikopoulos'
 'Jason Foster' 'Zach Jackson' 'Blake Monar' 'Garin Flowers' 'Tyler Smith'
 'Yosef Aborady' 'Brandon Goss' 'AJ Yalawan' 'Chris Conran'
 'Jeremy Higgins' 'Jordan Manier' 'Mike Tobin' 'Page Pressley'
 'Robby Stahl' 'Tyler Cottrill' 'Week 1']",
93,16,9,Week 9,12/8/20,"['Dale Moss' 'Zac Clark' 'Ben Smith' 'Ivan Hall' 'Brendan Morais'
 'Bennett Jordan' 'Noah Erb' 'Riley Christian' 'Blake Moynes'
 'Demar Jackson' 'Ed Waisbrot' 'Spencer Robertson'
 'Uzoma ""Eazy"" Nwachukwu' 'Chasen Nick' 'Joe Park' 'Jordan Chapman'
 'Kenny Braasch' 'Jay Smith' 'Montel Hill' 'Peter Giannikopoulos'
 'Jason Foster' 'Zach Jackson' 'Blake Monar' 'Garin Flowers' 'Tyler Smith'
 'Yosef Aborady' 'Brandon Goss' 'AJ Yalawan' 'Chris Conran'
 'Jeremy Higgins' 'Jordan Manier' 'Mike Tobin' 'Page Pressley'
 'Robby Stahl' 'Tyler Cottrill' 'Week 1']",
94,16,10,Week 10,12/14/20,"['Dale Moss' 'Zac Clark' 'Ben Smith' 'Ivan Hall' 'Brendan Morais'
 'Bennett Jordan' 'Noah Erb' 'Riley Christian' 'Blake Moynes'
 'Demar Jackson' 'Ed Waisbrot' 'Spencer Robertson'
 'Uzoma ""Eazy"" Nwachukwu' 'Chasen Nick' 'Joe Park' 'Jordan Chapman'
 'Kenny Braasch' 'Jay Smith' 'Montel Hill' 'Peter Giannikopoulos'
 'Jason Foster' 'Zach Jackson' 'Blake Monar' 'Garin Flowers' 'Tyler Smith'
 'Yosef Aborady' 'Brandon Goss' 'AJ Yalawan' 'Chris Conran'
 'Jeremy Higgins' 'Jordan Manier' 'Mike Tobin' 'Page Pressley'
 'Robby Stahl' 'Tyler Cottrill' 'Week 1']",
95,16,11,Week 11,12/15/20,"['Dale Moss' 'Zac Clark' 'Ben Smith' 'Ivan Hall' 'Brendan Morais'
 'Bennett Jordan' 'Noah Erb' 'Riley Christian' 'Blake Moynes'
 'Demar Jackson' 'Ed Waisbrot' 'Spencer Robertson'
 'Uzoma ""Eazy"" Nwachukwu' 'Chasen Nick' 'Joe Park' 'Jordan Chapman'
 'Kenny Braasch' 'Jay Smith' 'Montel Hill' 'Peter Giannikopoulos'
 'Jason Foster' 'Zach Jackson' 'Blake Monar' 'Garin Flowers' 'Tyler Smith'
 'Yosef Aborady' 'Brandon Goss' 'AJ Yalawan' 'Chris Conran'
 'Jeremy Higgins' 'Jordan Manier' 'Mike Tobin' 'Page Pressley'
 'Robby Stahl' 'Tyler Cottrill' 'Week 1']",
96,16,12,Week 12,12/21/20,"['Dale Moss' 'Zac Clark' 'Ben Smith' 'Ivan Hall' 'Brendan Morais'
 'Bennett Jordan' 'Noah Erb' 'Riley Christian' 'Blake Moynes'
 'Demar Jackson' 'Ed Waisbrot' 'Spencer Robertson'
 'Uzoma ""Eazy"" Nwachukwu' 'Chasen Nick' 'Joe Park' 'Jordan Chapman'
 'Kenny Braasch' 'Jay Smith' 'Montel Hill' 'Peter Giannikopoulos'
 'Jason Foster' 'Zach Jackson' 'Blake Monar' 'Garin Flowers' 'Tyler Smith'
 'Yosef Aborady' 'Brandon Goss' 'AJ Yalawan' 'Chris Conran'
 'Jeremy Higgins' 'Jordan Manier' 'Mike Tobin' 'Page Pressley'
 'Robby Stahl' 'Tyler Cottrill' 'Week 1']",
97,16,13,Week 13,12/22/20,"['Dale Moss' 'Zac Clark' 'Ben Smith' 'Ivan Hall' 'Brendan Morais'
 'Bennett Jordan' 'Noah Erb' 'Riley Christian' 'Blake Moynes'
 'Demar Jackson' 'Ed Waisbrot' 'Spencer Robertson'
 'Uzoma ""Eazy"" Nwachukwu' 'Chasen Nick' 'Joe Park' 'Jordan Chapman'
 'Kenny Braasch' 'Jay Smith' 'Montel Hill' 'Peter Giannikopoulos'
 'Jason Foster' 'Zach Jackson' 'Blake Monar' 'Garin Flowers' 'Tyler Smith'
 'Yosef Aborady' 'Brandon Goss' 'AJ Yalawan' 'Chris Conran'
 'Jeremy Higgins' 'Jordan Manier' 'Mike Tobin' 'Page Pressley'
 'Robby Stahl' 'Tyler Cottrill' 'Week 1']",
98,17,1,Week 1,6/7/21,"['Blake Moynes' 'Justin Glaze' 'Greg Grippo' 'Michael Allio'
 'Andrew Spencer' 'Mike Planeta' 'Brendan Scanzano' 'Aaron Clancy'
 'Hunter Montgomery' 'James Bonsall' 'Tré Cooper' 'Connor Brennan'
 'Andrew Milcovich' 'Josh Tylerbest' 'Quartney Mixon' 'Christian Smith'
 'Conor Costello' 'David Scott' 'Thomas Jacobs' 'Garrett Schwartz'
 'John Hersey' 'Karl Smith' 'Kyle Howard' 'Cody Menk' 'Austin Tinsley'
 'Brandon Torres' 'Gabriel Everett' 'Jeff Caravello' 'Landon Goesling'
 'Marcus Lathan' 'Marty Hargrove' 'Week 1']",
99,17,2,Week 2,6/14/21,"['Blake Moynes' 'Justin Glaze' 'Greg Grippo' 'Michael Allio'
 'Andrew Spencer' 'Mike Planeta' 'Brendan Scanzano' 'Aaron Clancy'
 'Hunter Montgomery' 'James Bonsall' 'Tré Cooper' 'Connor Brennan'
 'Andrew Milcovich' 'Josh Tylerbest' 'Quartney Mixon' 'Christian Smith'
 'Conor Costello' 'David Scott' 'Thomas Jacobs' 'Garrett Schwartz'
 'John Hersey' 'Karl Smith' 'Kyle Howard' 'Cody Menk' 'Austin Tinsley'
 'Brandon Torres' 'Gabriel Everett' 'Jeff Caravello' 'Landon Goesling'
 'Marcus Lathan' 'Marty Hargrove' 'Week 1']",
100,17,3,Week 3,6/21/21,"['Blake Moynes' 'Justin Glaze' 'Greg Grippo' 'Michael Allio'
 'Andrew Spencer' 'Mike Planeta' 'Brendan Scanzano' 'Aaron Clancy'
 'Hunter Montgomery' 'James Bonsall' 'Tré Cooper' 'Connor Brennan'
 'Andrew Milcovich' 'Josh Tylerbest' 'Quartney Mixon' 'Christian Smith'
 'Conor Costello' 'David Scott' 'Thomas Jacobs' 'Garrett Schwartz'
 'John Hersey' 'Karl Smith' 'Kyle Howard' 'Cody Menk' 'Austin Tinsley'
 'Brandon Torres' 'Gabriel Everett' 'Jeff Caravello' 'Landon Goesling'
 'Marcus Lathan' 'Marty Hargrove' 'Week 1']",
101,17,4,Week 4,6/28/21,"['Blake Moynes' 'Justin Glaze' 'Greg Grippo' 'Michael Allio'
 'Andrew Spencer' 'Mike Planeta' 'Brendan Scanzano' 'Aaron Clancy'
 'Hunter Montgomery' 'James Bonsall' 'Tré Cooper' 'Connor Brennan'
 'Andrew Milcovich' 'Josh Tylerbest' 'Quartney Mixon' 'Christian Smith'
 'Conor Costello' 'David Scott' 'Thomas Jacobs' 'Garrett Schwartz'
 'John Hersey' 'Karl Smith' 'Kyle Howard' 'Cody Menk' 'Austin Tinsley'
 'Brandon Torres' 'Gabriel Everett' 'Jeff Caravello' 'Landon Goesling'
 'Marcus Lathan' 'Marty Hargrove' 'Week 1']",
102,17,5,Week 5,7/5/21,"['Blake Moynes' 'Justin Glaze' 'Greg Grippo' 'Michael Allio'
 'Andrew Spencer' 'Mike Planeta' 'Brendan Scanzano' 'Aaron Clancy'
 'Hunter Montgomery' 'James Bonsall' 'Tré Cooper' 'Connor Brennan'
 'Andrew Milcovich' 'Josh Tylerbest' 'Quartney Mixon' 'Christian Smith'
 'Conor Costello' 'David Scott' 'Thomas Jacobs' 'Garrett Schwartz'
 'John Hersey' 'Karl Smith' 'Kyle Howard' 'Cody Menk' 'Austin Tinsley'
 'Brandon Torres' 'Gabriel Everett' 'Jeff Caravello' 'Landon Goesling'
 'Marcus Lathan' 'Marty Hargrove' 'Week 1']",
103,17,6,Week 6,7/12/21,"['Blake Moynes' 'Justin Glaze' 'Greg Grippo' 'Michael Allio'
 'Andrew Spencer' 'Mike Planeta' 'Brendan Scanzano' 'Aaron Clancy'
 'Hunter Montgomery' 'James Bonsall' 'Tré Cooper' 'Connor Brennan'
 'Andrew Milcovich' 'Josh Tylerbest' 'Quartney Mixon' 'Christian Smith'
 'Conor Costello' 'David Scott' 'Thomas Jacobs' 'Garrett Schwartz'
 'John Hersey' 'Karl Smith' 'Kyle Howard' 'Cody Menk' 'Austin Tinsley'
 'Brandon Torres' 'Gabriel Everett' 'Jeff Caravello' 'Landon Goesling'
 'Marcus Lathan' 'Marty Hargrove' 'Week 1']",
104,17,7,Week 7,7/19/21,"['Blake Moynes' 'Justin Glaze' 'Greg Grippo' 'Michael Allio'
 'Andrew Spencer' 'Mike Planeta' 'Brendan Scanzano' 'Aaron Clancy'
 'Hunter Montgomery' 'James Bonsall' 'Tré Cooper' 'Connor Brennan'
 'Andrew Milcovich' 'Josh Tylerbest' 'Quartney Mixon' 'Christian Smith'
 'Conor Costello' 'David Scott' 'Thomas Jacobs' 'Garrett Schwartz'
 'John Hersey' 'Karl Smith' 'Kyle Howard' 'Cody Menk' 'Austin Tinsley'
 'Brandon Torres' 'Gabriel Everett' 'Jeff Caravello' 'Landon Goesling'
 'Marcus Lathan' 'Marty Hargrove' 'Week 1']",
105,17,8,Week 8,7/26/21,"['Blake Moynes' 'Justin Glaze' 'Greg Grippo' 'Michael Allio'
 'Andrew Spencer' 'Mike Planeta' 'Brendan Scanzano' 'Aaron Clancy'
 'Hunter Montgomery' 'James Bonsall' 'Tré Cooper' 'Connor Brennan'
 'Andrew Milcovich' 'Josh Tylerbest' 'Quartney Mixon' 'Christian Smith'
 'Conor Costello' 'David Scott' 'Thomas Jacobs' 'Garrett Schwartz'
 'John Hersey' 'Karl Smith' 'Kyle Howard' 'Cody Menk' 'Austin Tinsley'
 'Brandon Torres' 'Gabriel Everett' 'Jeff Caravello' 'Landon Goesling'
 'Marcus Lathan' 'Marty Hargrove' 'Week 1']",
106,17,9,Week 9,8/2/21,"['Blake Moynes' 'Justin Glaze' 'Greg Grippo' 'Michael Allio'
 'Andrew Spencer' 'Mike Planeta' 'Brendan Scanzano' 'Aaron Clancy'
 'Hunter Montgomery' 'James Bonsall' 'Tré Cooper' 'Connor Brennan'
 'Andrew Milcovich' 'Josh Tylerbest' 'Quartney Mixon' 'Christian Smith'
 'Conor Costello' 'David Scott' 'Thomas Jacobs' 'Garrett Schwartz'
 'John Hersey' 'Karl Smith' 'Kyle Howard' 'Cody Menk' 'Austin Tinsley'
 'Brandon Torres' 'Gabriel Everett' 'Jeff Caravello' 'Landon Goesling'
 'Marcus Lathan' 'Marty Hargrove' 'Week 1']",
107,17,10,Week 10,8/9/21,"['Blake Moynes' 'Justin Glaze' 'Greg Grippo' 'Michael Allio'
 'Andrew Spencer' 'Mike Planeta' 'Brendan Scanzano' 'Aaron Clancy'
 'Hunter Montgomery' 'James Bonsall' 'Tré Cooper' 'Connor Brennan'
 'Andrew Milcovich' 'Josh Tylerbest' 'Quartney Mixon' 'Christian Smith'
 'Conor Costello' 'David Scott' 'Thomas Jacobs' 'Garrett Schwartz'
 'John Hersey' 'Karl Smith' 'Kyle Howard' 'Cody Menk' 'Austin Tinsley'
 'Brandon Torres' 'Gabriel Everett' 'Jeff Caravello' 'Landon Goesling'
 'Marcus Lathan' 'Marty Hargrove' 'Week 1']",
108,18,1,Week 1,10/19/21,"['Brandon Jones' 'Joe Coleman' 'Nayte Olukoya' 'Rodney Matthews'
 'Olumide ""Olu"" Onajide' 'Rick Leach' 'Martin Gelbspan' 'Clayton Echard'
 'Casey Woods' 'Leroy Arthur' 'Chris Sutton' 'Chris Gallant'
 'Romeo Alexander' 'Will Urena' 'Lowell ""LT"" Murray IV' 'Mollique Johnson'
 'Peter Izzo' 'Spencer Williams' 'Jamie Skaar' 'Alec Thompson'
 'Daniel Tully' 'Pardeep Singh' 'PJ Henderson' 'Brandon Kieffer'
 'Bryan Witzmann' 'Edward Naranjo' 'Garrett Aida' 'Jack Russell'
 'JoMarri Gable' 'Ryan Fox']",
109,18,2,Week 2,10/26/21,"['Brandon Jones' 'Joe Coleman' 'Nayte Olukoya' 'Rodney Matthews'
 'Olumide ""Olu"" Onajide' 'Rick Leach' 'Martin Gelbspan' 'Clayton Echard'
 'Casey Woods' 'Leroy Arthur' 'Chris Sutton' 'Chris Gallant'
 'Romeo Alexander' 'Will Urena' 'Lowell ""LT"" Murray IV' 'Mollique Johnson'
 'Peter Izzo' 'Spencer Williams' 'Jamie Skaar' 'Alec Thompson'
 'Daniel Tully' 'Pardeep Singh' 'PJ Henderson' 'Brandon Kieffer'
 'Bryan Witzmann' 'Edward Naranjo' 'Garrett Aida' 'Jack Russell'
 'JoMarri Gable' 'Ryan Fox']",
110,18,3,Week 3,11/2/21,"['Brandon Jones' 'Joe Coleman' 'Nayte Olukoya' 'Rodney Matthews'
 'Olumide ""Olu"" Onajide' 'Rick Leach' 'Martin Gelbspan' 'Clayton Echard'
 'Casey Woods' 'Leroy Arthur' 'Chris Sutton' 'Chris Gallant'
 'Romeo Alexander' 'Will Urena' 'Lowell ""LT"" Murray IV' 'Mollique Johnson'
 'Peter Izzo' 'Spencer Williams' 'Jamie Skaar' 'Alec Thompson'
 'Daniel Tully' 'Pardeep Singh' 'PJ Henderson' 'Brandon Kieffer'
 'Bryan Witzmann' 'Edward Naranjo' 'Garrett Aida' 'Jack Russell'
 'JoMarri Gable' 'Ryan Fox']",
111,18,4,Week 4,11/9/21,"['Brandon Jones' 'Joe Coleman' 'Nayte Olukoya' 'Rodney Matthews'
 'Olumide ""Olu"" Onajide' 'Rick Leach' 'Martin Gelbspan' 'Clayton Echard'
 'Casey Woods' 'Leroy Arthur' 'Chris Sutton' 'Chris Gallant'
 'Romeo Alexander' 'Will Urena' 'Lowell ""LT"" Murray IV' 'Mollique Johnson'
 'Peter Izzo' 'Spencer Williams' 'Jamie Skaar' 'Alec Thompson'
 'Daniel Tully' 'Pardeep Singh' 'PJ Henderson' 'Brandon Kieffer'
 'Bryan Witzmann' 'Edward Naranjo' 'Garrett Aida' 'Jack Russell'
 'JoMarri Gable' 'Ryan Fox']",
112,18,5,Week 5,11/16/21,"['Brandon Jones' 'Joe Coleman' 'Nayte Olukoya' 'Rodney Matthews'
 'Olumide ""Olu"" Onajide' 'Rick Leach' 'Martin Gelbspan' 'Clayton Echard'
 'Casey Woods' 'Leroy Arthur' 'Chris Sutton' 'Chris Gallant'
 'Romeo Alexander' 'Will Urena' 'Lowell ""LT"" Murray IV' 'Mollique Johnson'
 'Peter Izzo' 'Spencer Williams' 'Jamie Skaar' 'Alec Thompson'
 'Daniel Tully' 'Pardeep Singh' 'PJ Henderson' 'Brandon Kieffer'
 'Bryan Witzmann' 'Edward Naranjo' 'Garrett Aida' 'Jack Russell'
 'JoMarri Gable' 'Ryan Fox']",
113,18,6,Week 6,11/23/21,"['Brandon Jones' 'Joe Coleman' 'Nayte Olukoya' 'Rodney Matthews'
 'Olumide ""Olu"" Onajide' 'Rick Leach' 'Martin Gelbspan' 'Clayton Echard'
 'Casey Woods' 'Leroy Arthur' 'Chris Sutton' 'Chris Gallant'
 'Romeo Alexander' 'Will Urena' 'Lowell ""LT"" Murray IV' 'Mollique Johnson'
 'Peter Izzo' 'Spencer Williams' 'Jamie Skaar' 'Alec Thompson'
 'Daniel Tully' 'Pardeep Singh' 'PJ Henderson' 'Brandon Kieffer'
 'Bryan Witzmann' 'Edward Naranjo' 'Garrett Aida' 'Jack Russell'
 'JoMarri Gable' 'Ryan Fox']",
114,18,7,Week 7,11/30/21,"['Brandon Jones' 'Joe Coleman' 'Nayte Olukoya' 'Rodney Matthews'
 'Olumide ""Olu"" Onajide' 'Rick Leach' 'Martin Gelbspan' 'Clayton Echard'
 'Casey Woods' 'Leroy Arthur' 'Chris Sutton' 'Chris Gallant'
 'Romeo Alexander' 'Will Urena' 'Lowell ""LT"" Murray IV' 'Mollique Johnson'
 'Peter Izzo' 'Spencer Williams' 'Jamie Skaar' 'Alec Thompson'
 'Daniel Tully' 'Pardeep Singh' 'PJ Henderson' 'Brandon Kieffer'
 'Bryan Witzmann' 'Edward Naranjo' 'Garrett Aida' 'Jack Russell'
 'JoMarri Gable' 'Ryan Fox']",
116,18,9,Week 8,12/14/21,"['Brandon Jones' 'Joe Coleman' 'Nayte Olukoya' 'Rodney Matthews'
 'Olumide ""Olu"" Onajide' 'Rick Leach' 'Martin Gelbspan' 'Clayton Echard'
 'Casey Woods' 'Leroy Arthur' 'Chris Sutton' 'Chris Gallant'
 'Romeo Alexander' 'Will Urena' 'Lowell ""LT"" Murray IV' 'Mollique Johnson'
 'Peter Izzo' 'Spencer Williams' 'Jamie Skaar' 'Alec Thompson'
 'Daniel Tully' 'Pardeep Singh' 'PJ Henderson' 'Brandon Kieffer'
 'Bryan Witzmann' 'Edward Naranjo' 'Garrett Aida' 'Jack Russell'
 'JoMarri Gable' 'Ryan Fox']",