,Season,Episode,Title,Date Aired,Contestants,Voted Off
0,9,1,Week 1,5/27/13,"['Chris Siegfried' 'Drew Kenney' 'Brooks Forester' 'Zak Waddell'
 'Michael Garofola' 'James Case' 'Juan Pablo Galavis' 'Kasey Stewart'
 'Mikey Tenerelli' 'Ben Scott' 'Bryden Vukasin' 'Zack Kalter'
 'Brad McKinzie' 'Brandon Andreen' 'Dan Cox' 'Brian Jarosinski'
 'Nick Mucci' 'Robert Graham' 'Will Reese' 'Diogo Custodio'
 'Larry Burchett' 'Micah Heisler' 'Mike R.' 'Nick Roy'
 'Jonathan Vollinger']","['Diogo Custodio', 'Larry Burchett', 'Micah Heisler', 'Mike R.', 'Nick Roy', 'Jonathan Vollinger']"
1,9,2,Week 2,6/3/13,"['Chris Siegfried' 'Drew Kenney' 'Brooks Forester' 'Zak Waddell'
 'Michael Garofola' 'James Case' 'Juan Pablo Galavis' 'Kasey Stewart'
 'Mikey Tenerelli' 'Ben Scott' 'Bryden Vukasin' 'Zack Kalter'
 'Brad McKinzie' 'Brandon Andreen' 'Dan Cox' 'Brian Jarosinski'
 'Nick Mucci' 'Robert Graham' 'Will Reese' 'Diogo Custodio'
 'Larry Burchett' 'Micah Heisler' 'Mike R.' 'Nick Roy'
 'Jonathan Vollinger']","['Nick Mucci', 'Robert Graham', 'Will Reese']"
2,9,3,Week 3,6/10/13,"['Chris Siegfried' 'Drew Kenney' 'Brooks Forester' 'Zak Waddell'
 'Michael Garofola' 'James Case' 'Juan Pablo Galavis' 'Kasey Stewart'
 'Mikey Tenerelli' 'Ben Scott' 'Bryden Vukasin' 'Zack Kalter'
 'Brad McKinzie' 'Brandon Andreen' 'Dan Cox' 'Brian Jarosinski'
 'Nick Mucci' 'Robert Graham' 'Will Reese' 'Diogo Custodio'
 'Larry Burchett' 'Micah Heisler' 'Mike R.' 'Nick Roy'
 'Jonathan Vollinger']","['Brandon Andreen', 'Dan Cox', 'Brian Jarosinski']"
3,9,4,Week 4,6/17/13,"['Chris Siegfried' 'Drew Kenney' 'Brooks Forester' 'Zak Waddell'
 'Michael Garofola' 'James Case' 'Juan Pablo Galavis' 'Kasey Stewart'
 'Mikey Tenerelli' 'Ben Scott' 'Bryden Vukasin' 'Zack Kalter'
 'Brad McKinzie' 'Brandon Andreen' 'Dan Cox' 'Brian Jarosinski'
 'Nick Mucci' 'Robert Graham' 'Will Reese' 'Diogo Custodio'
 'Larry Burchett' 'Micah Heisler' 'Mike R.' 'Nick Roy'
 'Jonathan Vollinger']","['Zack Kalter', 'Brad McKinzie']"
4,9,5,Week 5,6/24/13,"['Chris Siegfried' 'Drew Kenney' 'Brooks Forester' 'Zak Waddell'
 'Michael Garofola' 'James Case' 'Juan Pablo Galavis' 'Kasey Stewart'
 'Mikey Tenerelli' 'Ben Scott' 'Bryden Vukasin' 'Zack Kalter'
 'Brad McKinzie' 'Brandon Andreen' 'Dan Cox' 'Brian Jarosinski'
 'Nick Mucci' 'Robert Graham' 'Will Reese' 'Diogo Custodio'
 'Larry Burchett' 'Micah Heisler' 'Mike R.' 'Nick Roy'
 'Jonathan Vollinger']","['Mikey Tenerelli', 'Ben Scott', 'Bryden Vukasin']"
5,9,6,Week 6,7/1/13,"['Chris Siegfried' 'Drew Kenney' 'Brooks Forester' 'Zak Waddell'
 'Michael Garofola' 'James Case' 'Juan Pablo Galavis' 'Kasey Stewart'
 'Mikey Tenerelli' 'Ben Scott' 'Bryden Vukasin' 'Zack Kalter'
 'Brad McKinzie' 'Brandon Andreen' 'Dan Cox' 'Brian Jarosinski'
 'Nick Mucci' 'Robert Graham' 'Will Reese' 'Diogo Custodio'
 'Larry Burchett' 'Micah Heisler' 'Mike R.' 'Nick Roy'
 'Jonathan Vollinger']","['James Case', 'Juan Pablo Galavis', 'Kasey Stewart']"
6,9,7,Week 7,7/8/13,"['Chris Siegfried' 'Drew Kenney' 'Brooks Forester' 'Zak Waddell'
 'Michael Garofola' 'James Case' 'Juan Pablo Galavis' 'Kasey Stewart'
 'Mikey Tenerelli' 'Ben Scott' 'Bryden Vukasin' 'Zack Kalter'
 'Brad McKinzie' 'Brandon Andreen' 'Dan Cox' 'Brian Jarosinski'
 'Nick Mucci' 'Robert Graham' 'Will Reese' 'Diogo Custodio'
 'Larry Burchett' 'Micah Heisler' 'Mike R.' 'Nick Roy'
 'Jonathan Vollinger']",['Michael Garofola']
7,9,8,Week 8,7/15/13,"['Chris Siegfried' 'Drew Kenney' 'Brooks Forester' 'Zak Waddell'
 'Michael Garofola' 'James Case' 'Juan Pablo Galavis' 'Kasey Stewart'
 'Mikey Tenerelli' 'Ben Scott' 'Bryden Vukasin' 'Zack Kalter'
 'Brad McKinzie' 'Brandon Andreen' 'Dan Cox' 'Brian Jarosinski'
 'Nick Mucci' 'Robert Graham' 'Will Reese' 'Diogo Custodio'
 'Larry Burchett' 'Micah Heisler' 'Mike R.' 'Nick Roy'
 'Jonathan Vollinger']",['Zak Waddell']
8,9,10,Week 9,7/29/13,"['Chris Siegfried' 'Drew Kenney' 'Brooks Forester' 'Zak Waddell'
 'Michael Garofola' 'James Case' 'Juan Pablo Galavis' 'Kasey Stewart'
 'Mikey Tenerelli' 'Ben Scott' 'Bryden Vukasin' 'Zack Kalter'
 'Brad McKinzie' 'Brandon Andreen' 'Dan Cox' 'Brian Jarosinski'
 'Nick Mucci' 'Robert Graham' 'Will Reese' 'Diogo Custodio'
 'Larry Burchett' 'Micah Heisler' 'Mike R.' 'Nick Roy'
 'Jonathan Vollinger']",['Brooks Forester']
9,9,11,Week 10,8/5/13,"['Chris Siegfried' 'Drew Kenney' 'Brooks Forester' 'Zak Waddell'
 'Michael Garofola' 'James Case' 'Juan Pablo Galavis' 'Kasey Stewart'
 'Mikey Tenerelli' 'Ben Scott' 'Bryden Vukasin' 'Zack Kalter'
 'Brad McKinzie' 'Brandon Andreen' 'Dan Cox' 'Brian Jarosinski'
 'Nick Mucci' 'Robert Graham' 'Will Reese' 'Diogo Custodio'
 'Larry Burchett' 'Micah Heisler' 'Mike R.' 'Nick Roy'
 'Jonathan Vollinger']",[]
10,10,1,Week 1,5/19/14,"['Josh Murray' 'Nick Viall' 'Chris Soules' 'Marcus Grodd' 'Brian Osborne'
 'Dylan Petitt' 'Joseph John ""J.J."" O\'Brien' 'Cody Sattler'
 'Andrew Poole' 'Marquel Martin' 'Patrick Jagodzinski' 'Tasos Hernandez'
 'Eric Hill' 'Bradley Wisk' 'Brett Melnick' 'Ron Worrell' 'Carl King'
 'Craig Muhlbauer' 'Nick Sutter' 'Emil Schaffroth' 'Jason Leep'
 'Josh Bauer' 'Mike Campanelli' 'Rudie Dane' 'Steven Woolworth']","['Emil Schaffroth', 'Jason Leep', 'Josh Bauer', 'Mike Campanelli', 'Rudie Dane', 'Steven Woolworth']"
11,10,2,Week 2,5/26/14,"['Josh Murray' 'Nick Viall' 'Chris Soules' 'Marcus Grodd' 'Brian Osborne'
 'Dylan Petitt' 'Joseph John ""J.J."" O\'Brien' 'Cody Sattler'
 'Andrew Poole' 'Marquel Martin' 'Patrick Jagodzinski' 'Tasos Hernandez'
 'Eric Hill' 'Bradley Wisk' 'Brett Melnick' 'Ron Worrell' 'Carl King'
 'Craig Muhlbauer' 'Nick Sutter' 'Emil Schaffroth' 'Jason Leep'
 'Josh Bauer' 'Mike Campanelli' 'Rudie Dane' 'Steven Woolworth']","['Carl King', 'Craig Muhlbauer', 'Nick Sutter']"
12,10,3,Week 3,6/1/14,"['Josh Murray' 'Nick Viall' 'Chris Soules' 'Marcus Grodd' 'Brian Osborne'
 'Dylan Petitt' 'Joseph John ""J.J."" O\'Brien' 'Cody Sattler'
 'Andrew Poole' 'Marquel Martin' 'Patrick Jagodzinski' 'Tasos Hernandez'
 'Eric Hill' 'Bradley Wisk' 'Brett Melnick' 'Ron Worrell' 'Carl King'
 'Craig Muhlbauer' 'Nick Sutter' 'Emil Schaffroth' 'Jason Leep'
 'Josh Bauer' 'Mike Campanelli' 'Rudie Dane' 'Steven Woolworth']","['Bradley Wisk', 'Brett Melnick', 'Ron Worrell']"
13,10,4,Week 4,6/2/14,"['Josh Murray' 'Nick Viall' 'Chris Soules' 'Marcus Grodd' 'Brian Osborne'
 'Dylan Petitt' 'Joseph John ""J.J."" O\'Brien' 'Cody Sattler'
 'Andrew Poole' 'Marquel Martin' 'Patrick Jagodzinski' 'Tasos Hernandez'
 'Eric Hill' 'Bradley Wisk' 'Brett Melnick' 'Ron Worrell' 'Carl King'
 'Craig Muhlbauer' 'Nick Sutter' 'Emil Schaffroth' 'Jason Leep'
 'Josh Bauer' 'Mike Campanelli' 'Rudie Dane' 'Steven Woolworth']","['Tasos Hernandez', 'Eric Hill']"
14,10,6,Week 5,6/16/14,"['Josh Murray' 'Nick Viall' 'Chris Soules' 'Marcus Grodd' 'Brian Osborne'
 'Dylan Petitt' 'Joseph John ""J.J."" O\'Brien' 'Cody Sattler'
 'Andrew Poole' 'Marquel Martin' 'Patrick Jagodzinski' 'Tasos Hernandez'
 'Eric Hill' 'Bradley Wisk' 'Brett Melnick' 'Ron Worrell' 'Carl King'
 'Craig Muhlbauer' 'Nick Sutter' 'Emil Schaffroth' 'Jason Leep'
 'Josh Bauer' 'Mike Campanelli' 'Rudie Dane' 'Steven Woolworth']","['Andrew Poole', 'Marquel Martin', 'Patrick Jagodzinski']"
15,10,7,Week 6,6/23/14,"['Josh Murray' 'Nick Viall' 'Chris Soules' 'Marcus Grodd' 'Brian Osborne'
 'Dylan Petitt' 'Joseph John ""J.J."" O\'Brien' 'Cody Sattler'
 'Andrew Poole' 'Marquel Martin' 'Patrick Jagodzinski' 'Tasos Hernandez'
 'Eric Hill' 'Bradley Wisk' 'Brett Melnick' 'Ron Worrell' 'Carl King'
 'Craig Muhlbauer' 'Nick Sutter' 'Emil Schaffroth' 'Jason Leep'
 'Josh Bauer' 'Mike Campanelli' 'Rudie Dane' 'Steven Woolworth']","['Joseph John ""J.J."" O\'Brien', 'Cody Sattler']"
16,10,8,Week 7,6/30/14,"['Josh Murray' 'Nick Viall' 'Chris Soules' 'Marcus Grodd' 'Brian Osborne'
 'Dylan Petitt' 'Joseph John ""J.J."" O\'Brien' 'Cody Sattler'
 'Andrew Poole' 'Marquel Martin' 'Patrick Jagodzinski' 'Tasos Hernandez'
 'Eric Hill' 'Bradley Wisk' 'Brett Melnick' 'Ron Worrell' 'Carl King'
 'Craig Muhlbauer' 'Nick Sutter' 'Emil Schaffroth' 'Jason Leep'
 'Josh Bauer' 'Mike Campanelli' 'Rudie Dane' 'Steven Woolworth']","['Brian Osborne', 'Dylan Petitt']"
17,10,9,Week 8,7/7/14,"['Josh Murray' 'Nick Viall' 'Chris Soules' 'Marcus Grodd' 'Brian Osborne'
 'Dylan Petitt' 'Joseph John ""J.J."" O\'Brien' 'Cody Sattler'
 'Andrew Poole' 'Marquel Martin' 'Patrick Jagodzinski' 'Tasos Hernandez'
 'Eric Hill' 'Bradley Wisk' 'Brett Melnick' 'Ron Worrell' 'Carl King'
 'Craig Muhlbauer' 'Nick Sutter' 'Emil Schaffroth' 'Jason Leep'
 'Josh Bauer' 'Mike Campanelli' 'Rudie Dane' 'Steven Woolworth']",['Marcus Grodd']
18,10,10,Week 9,7/14/14,"['Josh Murray' 'Nick Viall' 'Chris Soules' 'Marcus Grodd' 'Brian Osborne'
 'Dylan Petitt' 'Joseph John ""J.J."" O\'Brien' 'Cody Sattler'
 'Andrew Poole' 'Marquel Martin' 'Patrick Jagodzinski' 'Tasos Hernandez'
 'Eric Hill' 'Bradley Wisk' 'Brett Melnick' 'Ron Worrell' 'Carl King'
 'Craig Muhlbauer' 'Nick Sutter' 'Emil Schaffroth' 'Jason Leep'
 'Josh Bauer' 'Mike Campanelli' 'Rudie Dane' 'Steven Woolworth']",['Chris Soules']
19,10,12,Week 10,7/28/14,"['Josh Murray' 'Nick Viall' 'Chris Soules' 'Marcus Grodd' 'Brian Osborne'
 'Dylan Petitt' 'Joseph John ""J.J."" O\'Brien' 'Cody Sattler'
 'Andrew Poole' 'Marquel Martin' 'Patrick Jagodzinski' 'Tasos Hernandez'
 'Eric Hill' 'Bradley Wisk' 'Brett Melnick' 'Ron Worrell' 'Carl King'
 'Craig Muhlbauer' 'Nick Sutter' 'Emil Schaffroth' 'Jason Leep'
 'Josh Bauer' 'Mike Campanelli' 'Rudie Dane' 'Steven Woolworth']",[]
20,11,2,Week 1,5/19/15,"['Shawn Booth' 'Nick Viall' 'Ben Higgins' 'Jared Haibon' 'Joe Bailey'
 'Chris Strandburg' 'Ben Zorn' 'Tanner Tolbert' 'John ""J.J."" Lane III'
 'Joshua Albers' 'Justin Reich' 'Ian Thomson' 'Corey Stansell'
 'Jonathan Holloway' 'Ryan Beckett' 'Clint Arlis' 'Tony Harris'
 'Cory Shivar' 'Daniel Finney' 'Kupah James' 'Bradley Cox' 'David'
 'Josh Seiter' 'Shawn Evans' 'Brady Toops' 'Ryan McDill']","['Bradley Cox', 'David', 'Josh Seiter', 'Shawn Evans', 'Brady Toops', 'Ryan McDill']"
21,11,3,Week 2,5/25/15,"['Shawn Booth' 'Nick Viall' 'Ben Higgins' 'Jared Haibon' 'Joe Bailey'
 'Chris Strandburg' 'Ben Zorn' 'Tanner Tolbert' 'John ""J.J."" Lane III'
 'Joshua Albers' 'Justin Reich' 'Ian Thomson' 'Corey Stansell'
 'Jonathan Holloway' 'Ryan Beckett' 'Clint Arlis' 'Tony Harris'
 'Cory Shivar' 'Daniel Finney' 'Kupah James' 'Bradley Cox' 'David'
 'Josh Seiter' 'Shawn Evans' 'Brady Toops' 'Ryan McDill']","['Cory Shivar', 'Daniel Finney', 'Kupah James']"
22,11,4,Week 3,6/1/15,"['Shawn Booth' 'Nick Viall' 'Ben Higgins' 'Jared Haibon' 'Joe Bailey'
 'Chris Strandburg' 'Ben Zorn' 'Tanner Tolbert' 'John ""J.J."" Lane III'
 'Joshua Albers' 'Justin Reich' 'Ian Thomson' 'Corey Stansell'
 'Jonathan Holloway' 'Ryan Beckett' 'Clint Arlis' 'Tony Harris'
 'Cory Shivar' 'Daniel Finney' 'Kupah James' 'Bradley Cox' 'David'
 'Josh Seiter' 'Shawn Evans' 'Brady Toops' 'Ryan McDill']","['Clint Arlis', 'Tony Harris']"
23,11,5,Week 4,6/8/15,"['Shawn Booth' 'Nick Viall' 'Ben Higgins' 'Jared Haibon' 'Joe Bailey'
 'Chris Strandburg' 'Ben Zorn' 'Tanner Tolbert' 'John ""J.J."" Lane III'
 'Joshua Albers' 'Justin Reich' 'Ian Thomson' 'Corey Stansell'
 'Jonathan Holloway' 'Ryan Beckett' 'Clint Arlis' 'Tony Harris'
 'Cory Shivar' 'Daniel Finney' 'Kupah James' 'Bradley Cox' 'David'
 'Josh Seiter' 'Shawn Evans' 'Brady Toops' 'Ryan McDill']","['Corey Stansell', 'Jonathan Holloway', 'Ryan Beckett']"
24,11,6,Week 5,6/15/15,"['Shawn Booth' 'Nick Viall' 'Ben Higgins' 'Jared Haibon' 'Joe Bailey'
 'Chris Strandburg' 'Ben Zorn' 'Tanner Tolbert' 'John ""J.J."" Lane III'
 'Joshua Albers' 'Justin Reich' 'Ian Thomson' 'Corey Stansell'
 'Jonathan Holloway' 'Ryan Beckett' 'Clint Arlis' 'Tony Harris'
 'Cory Shivar' 'Daniel Finney' 'Kupah James' 'Bradley Cox' 'David'
 'Josh Seiter' 'Shawn Evans' 'Brady Toops' 'Ryan McDill']","['Joshua Albers', 'Justin Reich', 'Ian Thomson']"
25,11,7,Week 6,6/22/15,"['Shawn Booth' 'Nick Viall' 'Ben Higgins' 'Jared Haibon' 'Joe Bailey'
 'Chris Strandburg' 'Ben Zorn' 'Tanner Tolbert' 'John ""J.J."" Lane III'
 'Joshua Albers' 'Justin Reich' 'Ian Thomson' 'Corey Stansell'
 'Jonathan Holloway' 'Ryan Beckett' 'Clint Arlis' 'Tony Harris'
 'Cory Shivar' 'Daniel Finney' 'Kupah James' 'Bradley Cox' 'David'
 'Josh Seiter' 'Shawn Evans' 'Brady Toops' 'Ryan McDill']","['Ben Zorn', 'Tanner Tolbert', 'John ""J.J."" Lane III']"
26,11,8,Week 7,6/29/15,"['Shawn Booth' 'Nick Viall' 'Ben Higgins' 'Jared Haibon' 'Joe Bailey'
 'Chris Strandburg' 'Ben Zorn' 'Tanner Tolbert' 'John ""J.J."" Lane III'
 'Joshua Albers' 'Justin Reich' 'Ian Thomson' 'Corey Stansell'
 'Jonathan Holloway' 'Ryan Beckett' 'Clint Arlis' 'Tony Harris'
 'Cory Shivar' 'Daniel Finney' 'Kupah James' 'Bradley Cox' 'David'
 'Josh Seiter' 'Shawn Evans' 'Brady Toops' 'Ryan McDill']","['Jared Haibon', 'Joe Bailey', 'Chris Strandburg']"
27,11,9,Week 8,7/6/15,"['Shawn Booth' 'Nick Viall' 'Ben Higgins' 'Jared Haibon' 'Joe Bailey'
 'Chris Strandburg' 'Ben Zorn' 'Tanner Tolbert' 'John ""J.J."" Lane III'
 'Joshua Albers' 'Justin Reich' 'Ian Thomson' 'Corey Stansell'
 'Jonathan Holloway' 'Ryan Beckett' 'Clint Arlis' 'Tony Harris'
 'Cory Shivar' 'Daniel Finney' 'Kupah James' 'Bradley Cox' 'David'
 'Josh Seiter' 'Shawn Evans' 'Brady Toops' 'Ryan McDill']",['Ben Higgins']
28,11,10,Week 9,7/13/15,"['Shawn Booth' 'Nick Viall' 'Ben Higgins' 'Jared Haibon' 'Joe Bailey'
 'Chris Strandburg' 'Ben Zorn' 'Tanner Tolbert' 'John ""J.J."" Lane III'
 'Joshua Albers' 'Justin Reich' 'Ian Thomson' 'Corey Stansell'
 'Jonathan Holloway' 'Ryan Beckett' 'Clint Arlis' 'Tony Harris'
 'Cory Shivar' 'Daniel Finney' 'Kupah James' 'Bradley Cox' 'David'
 'Josh Seiter' 'Shawn Evans' 'Brady Toops' 'Ryan McDill']",[]
29,11,12,Week 10,7/27/15,"['Shawn Booth' 'Nick Viall' 'Ben Higgins' 'Jared Haibon' 'Joe Bailey'
 'Chris Strandburg' 'Ben Zorn' 'Tanner Tolbert' 'John ""J.J."" Lane III'
 'Joshua Albers' 'Justin Reich' 'Ian Thomson' 'Corey Stansell'
 'Jonathan Holloway' 'Ryan Beckett' 'Clint Arlis' 'Tony Harris'
 'Cory Shivar' 'Daniel Finney' 'Kupah James' 'Bradley Cox' 'David'
 'Josh Seiter' 'Shawn Evans' 'Brady Toops' 'Ryan McDill']",[]
30,12,1,Week 1,5/23/16,"['Jordan Rodgers' 'Robert ""Robby"" Hayes' 'Chase McNary' 'Luke Pell'
 'James Taylor' 'Alexander ""Alex"" Woytkiw' 'Derek Peth' 'Wells Adams'
 'Evan Bass' 'Grant Kemp' 'Vincent ""Vinny"" Ventiera' 'Daniel Maguire'
 'James Fuertes' 'Brian ""Chad"" Johnson' 'Ali Zahiri' 'Christian Bishop'
 'Nicholas ""Nick"" Benvenutti' 'Brandon Howell' 'James Spadafore'
 'William ""Will"" Haduch' 'Colin ""Coley"" Knust' 'Jake Patton'
 'Jonathan Hamilton' 'Nicholas ""Nick"" Sharp' 'Peter Medina'
 'Salvatore ""Sal"" DeJulio']","['Colin ""Coley"" Knust', 'Jake Patton', 'Jonathan Hamilton', 'Nicholas ""Nick"" Sharp', 'Peter Medina', 'Salvatore ""Sal"" DeJulio']"
31,12,2,Week 2,5/30/16,"['Jordan Rodgers' 'Robert ""Robby"" Hayes' 'Chase McNary' 'Luke Pell'
 'James Taylor' 'Alexander ""Alex"" Woytkiw' 'Derek Peth' 'Wells Adams'
 'Evan Bass' 'Grant Kemp' 'Vincent ""Vinny"" Ventiera' 'Daniel Maguire'
 'James Fuertes' 'Brian ""Chad"" Johnson' 'Ali Zahiri' 'Christian Bishop'
 'Nicholas ""Nick"" Benvenutti' 'Brandon Howell' 'James Spadafore'
 'William ""Will"" Haduch' 'Colin ""Coley"" Knust' 'Jake Patton'
 'Jonathan Hamilton' 'Nicholas ""Nick"" Sharp' 'Peter Medina'
 'Salvatore ""Sal"" DeJulio']","['Brandon Howell', 'James Spadafore', 'William ""Will"" Haduch']"
32,12,4,Week 3,6/7/16,"['Jordan Rodgers' 'Robert ""Robby"" Hayes' 'Chase McNary' 'Luke Pell'
 'James Taylor' 'Alexander ""Alex"" Woytkiw' 'Derek Peth' 'Wells Adams'
 'Evan Bass' 'Grant Kemp' 'Vincent ""Vinny"" Ventiera' 'Daniel Maguire'
 'James Fuertes' 'Brian ""Chad"" Johnson' 'Ali Zahiri' 'Christian Bishop'
 'Nicholas ""Nick"" Benvenutti' 'Brandon Howell' 'James Spadafore'
 'William ""Will"" Haduch' 'Colin ""Coley"" Knust' 'Jake Patton'
 'Jonathan Hamilton' 'Nicholas ""Nick"" Sharp' 'Peter Medina'
 'Salvatore ""Sal"" DeJulio']","['Ali Zahiri', 'Christian Bishop', 'Nicholas ""Nick"" Benvenutti']"
33,12,5,Week 4,6/20/16,"['Jordan Rodgers' 'Robert ""Robby"" Hayes' 'Chase McNary' 'Luke Pell'
 'James Taylor' 'Alexander ""Alex"" Woytkiw' 'Derek Peth' 'Wells Adams'
 'Evan Bass' 'Grant Kemp' 'Vincent ""Vinny"" Ventiera' 'Daniel Maguire'
 'James Fuertes' 'Brian ""Chad"" Johnson' 'Ali Zahiri' 'Christian Bishop'
 'Nicholas ""Nick"" Benvenutti' 'Brandon Howell' 'James Spadafore'
 'William ""Will"" Haduch' 'Colin ""Coley"" Knust' 'Jake Patton'
 'Jonathan Hamilton' 'Nicholas ""Nick"" Sharp' 'Peter Medina'
 'Salvatore ""Sal"" DeJulio']","['Daniel Maguire', 'James Fuertes', 'Brian ""Chad"" Johnson']"
34,12,6,Week 5,6/27/16,"['Jordan Rodgers' 'Robert ""Robby"" Hayes' 'Chase McNary' 'Luke Pell'
 'James Taylor' 'Alexander ""Alex"" Woytkiw' 'Derek Peth' 'Wells Adams'
 'Evan Bass' 'Grant Kemp' 'Vincent ""Vinny"" Ventiera' 'Daniel Maguire'
 'James Fuertes' 'Brian ""Chad"" Johnson' 'Ali Zahiri' 'Christian Bishop'
 'Nicholas ""Nick"" Benvenutti' 'Brandon Howell' 'James Spadafore'
 'William ""Will"" Haduch' 'Colin ""Coley"" Knust' 'Jake Patton'
 'Jonathan Hamilton' 'Nicholas ""Nick"" Sharp' 'Peter Medina'
 'Salvatore ""Sal"" DeJulio']","['Evan Bass', 'Grant Kemp', 'Vincent ""Vinny"" Ventiera']"
35,12,7,Week 6,7/11/16,"['Jordan Rodgers' 'Robert ""Robby"" Hayes' 'Chase McNary' 'Luke Pell'
 'James Taylor' 'Alexander ""Alex"" Woytkiw' 'Derek Peth' 'Wells Adams'
 'Evan Bass' 'Grant Kemp' 'Vincent ""Vinny"" Ventiera' 'Daniel Maguire'
 'James Fuertes' 'Brian ""Chad"" Johnson' 'Ali Zahiri' 'Christian Bishop'
 'Nicholas ""Nick"" Benvenutti' 'Brandon Howell' 'James Spadafore'
 'William ""Will"" Haduch' 'Colin ""Coley"" Knust' 'Jake Patton'
 'Jonathan Hamilton' 'Nicholas ""Nick"" Sharp' 'Peter Medina'
 'Salvatore ""Sal"" DeJulio']","['Derek Peth', 'Wells Adams']"
36,12,8,Week 7,7/18/16,"['Jordan Rodgers' 'Robert ""Robby"" Hayes' 'Chase McNary' 'Luke Pell'
 'James Taylor' 'Alexander ""Alex"" Woytkiw' 'Derek Peth' 'Wells Adams'
 'Evan Bass' 'Grant Kemp' 'Vincent ""Vinny"" Ventiera' 'Daniel Maguire'
 'James Fuertes' 'Brian ""Chad"" Johnson' 'Ali Zahiri' 'Christian Bishop'
 'Nicholas ""Nick"" Benvenutti' 'Brandon Howell' 'James Spadafore'
 'William ""Will"" Haduch' 'Colin ""Coley"" Knust' 'Jake Patton'
 'Jonathan Hamilton' 'Nicholas ""Nick"" Sharp' 'Peter Medina'
 'Salvatore ""Sal"" DeJulio']","['James Taylor', 'Alexander ""Alex"" Woytkiw']"
37,12,9,Week 8,7/25/16,"['Jordan Rodgers' 'Robert ""Robby"" Hayes' 'Chase McNary' 'Luke Pell'
 'James Taylor' 'Alexander ""Alex"" Woytkiw' 'Derek Peth' 'Wells Adams'
 'Evan Bass' 'Grant Kemp' 'Vincent ""Vinny"" Ventiera' 'Daniel Maguire'
 'James Fuertes' 'Brian ""Chad"" Johnson' 'Ali Zahiri' 'Christian Bishop'
 'Nicholas ""Nick"" Benvenutti' 'Brandon Howell' 'James Spadafore'
 'William ""Will"" Haduch' 'Colin ""Coley"" Knust' 'Jake Patton'
 'Jonathan Hamilton' 'Nicholas ""Nick"" Sharp' 'Peter Medina'
 'Salvatore ""Sal"" DeJulio']",['Luke Pell']
38,12,11,Week 9,8/1/16,"['Jordan Rodgers' 'Robert ""Robby"" Hayes' 'Chase McNary' 'Luke Pell'
 'James Taylor' 'Alexander ""Alex"" Woytkiw' 'Derek Peth' 'Wells Adams'
 'Evan Bass' 'Grant Kemp' 'Vincent ""Vinny"" Ventiera' 'Daniel Maguire'
 'James Fuertes' 'Brian ""Chad"" Johnson' 'Ali Zahiri' 'Christian Bishop'
 'Nicholas ""Nick"" Benvenutti' 'Brandon Howell' 'James Spadafore'
 'William ""Will"" Haduch' 'Colin ""Coley"" Knust' 'Jake Patton'
 'Jonathan Hamilton' 'Nicholas ""Nick"" Sharp' 'Peter Medina'
 'Salvatore ""Sal"" DeJulio']",['Chase McNary']
39,13,1,Week 1,5/22/17,"['Bryan Abasolo' 'Peter Kraus ' 'Eric Bigger' 'Dean Unglert'
 'Adam Gottschalk' 'Matthew ""Matt"" Munson' 'Aleksandr ""Alex"" Bordyukov'
 'William ""Will"" Gaskins' 'Kenny Layne' 'Anthony Battle' 'Josiah Graham'
 'Lee Garrett' 'Ignacio ""Iggy"" Rodriguez' 'Jonathan Treece' 'Jack Stone'
 'Brady Ervin' 'Kenneth ""Diggy"" Moreland' 'Bryce Powers'
 'Frederick ""Fred"" Johnson' 'Blake Elarbee' 'James ""Jamey"" Kocan'
 'Lucas Yancey' 'DeMario Jackson' 'Jedidiah Ballard' 'Michael Black'
 'Robert ""Rob"" Howard' 'Grant Hubsher' 'Blake Killpack' 'Milton LaCroix'
 'Mohit Sehgal' 'Kyle Sherwood']","['Jedidiah Ballard', 'Michael Black', 'Robert ""Rob"" Howard', 'Grant Hubsher', 'Blake Killpack', 'Milton LaCroix', 'Mohit Sehgal', 'Kyle Sherwood']"
40,13,2,Week 2,5/29/17,"['Bryan Abasolo' 'Peter Kraus ' 'Eric Bigger' 'Dean Unglert'
 'Adam Gottschalk' 'Matthew ""Matt"" Munson' 'Aleksandr ""Alex"" Bordyukov'
 'William ""Will"" Gaskins' 'Kenny Layne' 'Anthony Battle' 'Josiah Graham'
 'Lee Garrett' 'Ignacio ""Iggy"" Rodriguez' 'Jonathan Treece' 'Jack Stone'
 'Brady Ervin' 'Kenneth ""Diggy"" Moreland' 'Bryce Powers'
 'Frederick ""Fred"" Johnson' 'Blake Elarbee' 'James ""Jamey"" Kocan'
 'Lucas Yancey' 'DeMario Jackson' 'Jedidiah Ballard' 'Michael Black'
 'Robert ""Rob"" Howard' 'Grant Hubsher' 'Blake Killpack' 'Milton LaCroix'
 'Mohit Sehgal' 'Kyle Sherwood']","['Blake Elarbee', 'James ""Jamey"" Kocan', 'Lucas Yancey', 'DeMario Jackson']"
41,13,3,Week 3,6/5/17,"['Bryan Abasolo' 'Peter Kraus ' 'Eric Bigger' 'Dean Unglert'
 'Adam Gottschalk' 'Matthew ""Matt"" Munson' 'Aleksandr ""Alex"" Bordyukov'
 'William ""Will"" Gaskins' 'Kenny Layne' 'Anthony Battle' 'Josiah Graham'
 'Lee Garrett' 'Ignacio ""Iggy"" Rodriguez' 'Jonathan Treece' 'Jack Stone'
 'Brady Ervin' 'Kenneth ""Diggy"" Moreland' 'Bryce Powers'
 'Frederick ""Fred"" Johnson' 'Blake Elarbee' 'James ""Jamey"" Kocan'
 'Lucas Yancey' 'DeMario Jackson' 'Jedidiah Ballard' 'Michael Black'
 'Robert ""Rob"" Howard' 'Grant Hubsher' 'Blake Killpack' 'Milton LaCroix'
 'Mohit Sehgal' 'Kyle Sherwood']","['Brady Ervin', 'Kenneth ""Diggy"" Moreland', 'Bryce Powers', 'Frederick ""Fred"" Johnson']"
42,13,4,Week 4,6/19/17,"['Bryan Abasolo' 'Peter Kraus ' 'Eric Bigger' 'Dean Unglert'
 'Adam Gottschalk' 'Matthew ""Matt"" Munson' 'Aleksandr ""Alex"" Bordyukov'
 'William ""Will"" Gaskins' 'Kenny Layne' 'Anthony Battle' 'Josiah Graham'
 'Lee Garrett' 'Ignacio ""Iggy"" Rodriguez' 'Jonathan Treece' 'Jack Stone'
 'Brady Ervin' 'Kenneth ""Diggy"" Moreland' 'Bryce Powers'
 'Frederick ""Fred"" Johnson' 'Blake Elarbee' 'James ""Jamey"" Kocan'
 'Lucas Yancey' 'DeMario Jackson' 'Jedidiah Ballard' 'Michael Black'
 'Robert ""Rob"" Howard' 'Grant Hubsher' 'Blake Killpack' 'Milton LaCroix'
 'Mohit Sehgal' 'Kyle Sherwood']","['Ignacio ""Iggy"" Rodriguez', 'Jonathan Treece', 'Jack Stone']"
43,13,5,Week 5,6/26/17,"['Bryan Abasolo' 'Peter Kraus ' 'Eric Bigger' 'Dean Unglert'
 'Adam Gottschalk' 'Matthew ""Matt"" Munson' 'Aleksandr ""Alex"" Bordyukov'
 'William ""Will"" Gaskins' 'Kenny Layne' 'Anthony Battle' 'Josiah Graham'
 'Lee Garrett' 'Ignacio ""Iggy"" Rodriguez' 'Jonathan Treece' 'Jack Stone'
 'Brady Ervin' 'Kenneth ""Diggy"" Moreland' 'Bryce Powers'
 'Frederick ""Fred"" Johnson' 'Blake Elarbee' 'James ""Jamey"" Kocan'
 'Lucas Yancey' 'DeMario Jackson' 'Jedidiah Ballard' 'Michael Black'
 'Robert ""Rob"" Howard' 'Grant Hubsher' 'Blake Killpack' 'Milton LaCroix'
 'Mohit Sehgal' 'Kyle Sherwood']","['Anthony Battle', 'Josiah Graham', 'Lee Garrett']"
44,13,6,Week 5,6/27/17,"['Bryan Abasolo' 'Peter Kraus ' 'Eric Bigger' 'Dean Unglert'
 'Adam Gottschalk' 'Matthew ""Matt"" Munson' 'Aleksandr ""Alex"" Bordyukov'
 'William ""Will"" Gaskins' 'Kenny Layne' 'Anthony Battle' 'Josiah Graham'
 'Lee Garrett' 'Ignacio ""Iggy"" Rodriguez' 'Jonathan Treece' 'Jack Stone'
 'Brady Ervin' 'Kenneth ""Diggy"" Moreland' 'Bryce Powers'
 'Frederick ""Fred"" Johnson' 'Blake Elarbee' 'James ""Jamey"" Kocan'
 'Lucas Yancey' 'DeMario Jackson' 'Jedidiah Ballard' 'Michael Black'
 'Robert ""Rob"" Howard' 'Grant Hubsher' 'Blake Killpack' 'Milton LaCroix'
 'Mohit Sehgal' 'Kyle Sherwood']","['Anthony Battle', 'Josiah Graham', 'Lee Garrett']"
45,13,7,Week 6,7/10/17,"['Bryan Abasolo' 'Peter Kraus ' 'Eric Bigger' 'Dean Unglert'
 'Adam Gottschalk' 'Matthew ""Matt"" Munson' 'Aleksandr ""Alex"" Bordyukov'
 'William ""Will"" Gaskins' 'Kenny Layne' 'Anthony Battle' 'Josiah Graham'
 'Lee Garrett' 'Ignacio ""Iggy"" Rodriguez' 'Jonathan Treece' 'Jack Stone'
 'Brady Ervin' 'Kenneth ""Diggy"" Moreland' 'Bryce Powers'
 'Frederick ""Fred"" Johnson' 'Blake Elarbee' 'James ""Jamey"" Kocan'
 'Lucas Yancey' 'DeMario Jackson' 'Jedidiah Ballard' 'Michael Black'
 'Robert ""Rob"" Howard' 'Grant Hubsher' 'Blake Killpack' 'Milton LaCroix'
 'Mohit Sehgal' 'Kyle Sherwood']","['Aleksandr ""Alex"" Bordyukov', 'William ""Will"" Gaskins', 'Kenny Layne']"
46,13,8,Week 7,7/17/17,"['Bryan Abasolo' 'Peter Kraus ' 'Eric Bigger' 'Dean Unglert'
 'Adam Gottschalk' 'Matthew ""Matt"" Munson' 'Aleksandr ""Alex"" Bordyukov'
 'William ""Will"" Gaskins' 'Kenny Layne' 'Anthony Battle' 'Josiah Graham'
 'Lee Garrett' 'Ignacio ""Iggy"" Rodriguez' 'Jonathan Treece' 'Jack Stone'
 'Brady Ervin' 'Kenneth ""Diggy"" Moreland' 'Bryce Powers'
 'Frederick ""Fred"" Johnson' 'Blake Elarbee' 'James ""Jamey"" Kocan'
 'Lucas Yancey' 'DeMario Jackson' 'Jedidiah Ballard' 'Michael Black'
 'Robert ""Rob"" Howard' 'Grant Hubsher' 'Blake Killpack' 'Milton LaCroix'
 'Mohit Sehgal' 'Kyle Sherwood']","['Adam Gottschalk', 'Matthew ""Matt"" Munson']"
47,13,9,Week 8,7/24/17,"['Bryan Abasolo' 'Peter Kraus ' 'Eric Bigger' 'Dean Unglert'
 'Adam Gottschalk' 'Matthew ""Matt"" Munson' 'Aleksandr ""Alex"" Bordyukov'
 'William ""Will"" Gaskins' 'Kenny Layne' 'Anthony Battle' 'Josiah Graham'
 'Lee Garrett' 'Ignacio ""Iggy"" Rodriguez' 'Jonathan Treece' 'Jack Stone'
 'Brady Ervin' 'Kenneth ""Diggy"" Moreland' 'Bryce Powers'
 'Frederick ""Fred"" Johnson' 'Blake Elarbee' 'James ""Jamey"" Kocan'
 'Lucas Yancey' 'DeMario Jackson' 'Jedidiah Ballard' 'Michael Black'
 'Robert ""Rob"" Howard' 'Grant Hubsher' 'Blake Killpack' 'Milton LaCroix'
 'Mohit Sehgal' 'Kyle Sherwood']",['Dean Unglert']
48,13,11,Week 9,8/7/17,"['Bryan Abasolo' 'Peter Kraus ' 'Eric Bigger' 'Dean Unglert'
 'Adam Gottschalk' 'Matthew ""Matt"" Munson' 'Aleksandr ""Alex"" Bordyukov'
 'William ""Will"" Gaskins' 'Kenny Layne' 'Anthony Battle' 'Josiah Graham'
 'Lee Garrett' 'Ignacio ""Iggy"" Rodriguez' 'Jonathan Treece' 'Jack Stone'
 'Brady Ervin' 'Kenneth ""Diggy"" Moreland' 'Bryce Powers'
 'Frederick ""Fred"" Johnson' 'Blake Elarbee' 'James ""Jamey"" Kocan'
 'Lucas Yancey' 'DeMario Jackson' 'Jedidiah Ballard' 'Michael Black'
 'Robert ""Rob"" Howard' 'Grant Hubsher' 'Blake Killpack' 'Milton LaCroix'
 'Mohit Sehgal' 'Kyle Sherwood']",['Eric Bigger']
49,14,1,Week 1,5/28/18,"['Garrett Yrigoyen' 'Blake Horstmann' 'Jason Tartick' 'Colton Underwood'
 'William ""Wills"" Reid' 'Leandro ""Leo"" Dottavio' 'Connor Obrochta'
 'Lincoln Adim' 'Chris Randone' 'John Graham' 'Jordan Kimball'
 'David Ravitz' 'Christon Staples' 'Nicholas ""Nick"" Spetsas' 'Jean Blanc'
 'Michael ""Mike"" Renner' 'Ryan Peterson' 'Clay Harbor' 'Alex Templeman'
 'Rickey Jasper' 'Trent Jespersen' 'Chase Vergason' 'Christian Estrada'
 'Darius Feaster' 'Grant Vandevanter' 'Joe Amabile' 'Kamil Nicalek'
 'Jake Enyeart']","['Chase Vergason', 'Christian Estrada', 'Darius Feaster', 'Grant Vandevanter', 'Joe Amabile', 'Kamil Nicalek', 'Jake Enyeart']"
50,14,2,Week 2,6/4/18,"['Garrett Yrigoyen' 'Blake Horstmann' 'Jason Tartick' 'Colton Underwood'
 'William ""Wills"" Reid' 'Leandro ""Leo"" Dottavio' 'Connor Obrochta'
 'Lincoln Adim' 'Chris Randone' 'John Graham' 'Jordan Kimball'
 'David Ravitz' 'Christon Staples' 'Nicholas ""Nick"" Spetsas' 'Jean Blanc'
 'Michael ""Mike"" Renner' 'Ryan Peterson' 'Clay Harbor' 'Alex Templeman'
 'Rickey Jasper' 'Trent Jespersen' 'Chase Vergason' 'Christian Estrada'
 'Darius Feaster' 'Grant Vandevanter' 'Joe Amabile' 'Kamil Nicalek'
 'Jake Enyeart']","['Alex Templeman', 'Rickey Jasper', 'Trent Jespersen']"
51,14,3,Week 3,6/11/18,"['Garrett Yrigoyen' 'Blake Horstmann' 'Jason Tartick' 'Colton Underwood'
 'William ""Wills"" Reid' 'Leandro ""Leo"" Dottavio' 'Connor Obrochta'
 'Lincoln Adim' 'Chris Randone' 'John Graham' 'Jordan Kimball'
 'David Ravitz' 'Christon Staples' 'Nicholas ""Nick"" Spetsas' 'Jean Blanc'
 'Michael ""Mike"" Renner' 'Ryan Peterson' 'Clay Harbor' 'Alex Templeman'
 'Rickey Jasper' 'Trent Jespersen' 'Chase Vergason' 'Christian Estrada'
 'Darius Feaster' 'Grant Vandevanter' 'Joe Amabile' 'Kamil Nicalek'
 'Jake Enyeart']","['Michael ""Mike"" Renner', 'Ryan Peterson', 'Clay Harbor']"
52,14,4,Week 4,6/18/18,"['Garrett Yrigoyen' 'Blake Horstmann' 'Jason Tartick' 'Colton Underwood'
 'William ""Wills"" Reid' 'Leandro ""Leo"" Dottavio' 'Connor Obrochta'
 'Lincoln Adim' 'Chris Randone' 'John Graham' 'Jordan Kimball'
 'David Ravitz' 'Christon Staples' 'Nicholas ""Nick"" Spetsas' 'Jean Blanc'
 'Michael ""Mike"" Renner' 'Ryan Peterson' 'Clay Harbor' 'Alex Templeman'
 'Rickey Jasper' 'Trent Jespersen' 'Chase Vergason' 'Christian Estrada'
 'Darius Feaster' 'Grant Vandevanter' 'Joe Amabile' 'Kamil Nicalek'
 'Jake Enyeart']","['Christon Staples', 'Nicholas ""Nick"" Spetsas', 'Jean Blanc']"
53,14,5,Week 5,6/25/18,"['Garrett Yrigoyen' 'Blake Horstmann' 'Jason Tartick' 'Colton Underwood'
 'William ""Wills"" Reid' 'Leandro ""Leo"" Dottavio' 'Connor Obrochta'
 'Lincoln Adim' 'Chris Randone' 'John Graham' 'Jordan Kimball'
 'David Ravitz' 'Christon Staples' 'Nicholas ""Nick"" Spetsas' 'Jean Blanc'
 'Michael ""Mike"" Renner' 'Ryan Peterson' 'Clay Harbor' 'Alex Templeman'
 'Rickey Jasper' 'Trent Jespersen' 'Chase Vergason' 'Christian Estrada'
 'Darius Feaster' 'Grant Vandevanter' 'Joe Amabile' 'Kamil Nicalek'
 'Jake Enyeart']","['John Graham', 'Jordan Kimball', 'David Ravitz']"
54,14,6,Week 6,7/2/18,"['Garrett Yrigoyen' 'Blake Horstmann' 'Jason Tartick' 'Colton Underwood'
 'William ""Wills"" Reid' 'Leandro ""Leo"" Dottavio' 'Connor Obrochta'
 'Lincoln Adim' 'Chris Randone' 'John Graham' 'Jordan Kimball'
 'David Ravitz' 'Christon Staples' 'Nicholas ""Nick"" Spetsas' 'Jean Blanc'
 'Michael ""Mike"" Renner' 'Ryan Peterson' 'Clay Harbor' 'Alex Templeman'
 'Rickey Jasper' 'Trent Jespersen' 'Chase Vergason' 'Christian Estrada'
 'Darius Feaster' 'Grant Vandevanter' 'Joe Amabile' 'Kamil Nicalek'
 'Jake Enyeart']","['Connor Obrochta', 'Lincoln Adim', 'Chris Randone']"
55,14,7,Week 7,7/9/18,"['Garrett Yrigoyen' 'Blake Horstmann' 'Jason Tartick' 'Colton Underwood'
 'William ""Wills"" Reid' 'Leandro ""Leo"" Dottavio' 'Connor Obrochta'
 'Lincoln Adim' 'Chris Randone' 'John Graham' 'Jordan Kimball'
 'David Ravitz' 'Christon Staples' 'Nicholas ""Nick"" Spetsas' 'Jean Blanc'
 'Michael ""Mike"" Renner' 'Ryan Peterson' 'Clay Harbor' 'Alex Templeman'
 'Rickey Jasper' 'Trent Jespersen' 'Chase Vergason' 'Christian Estrada'
 'Darius Feaster' 'Grant Vandevanter' 'Joe Amabile' 'Kamil Nicalek'
 'Jake Enyeart']","['William ""Wills"" Reid', 'Leandro ""Leo"" Dottavio']"
56,14,8,Week 8,7/16/18,"['Garrett Yrigoyen' 'Blake Horstmann' 'Jason Tartick' 'Colton Underwood'
 'William ""Wills"" Reid' 'Leandro ""Leo"" Dottavio' 'Connor Obrochta'
 'Lincoln Adim' 'Chris Randone' 'John Graham' 'Jordan Kimball'
 'David Ravitz' 'Christon Staples' 'Nicholas ""Nick"" Spetsas' 'Jean Blanc'
 'Michael ""Mike"" Renner' 'Ryan Peterson' 'Clay Harbor' 'Alex Templeman'
 'Rickey Jasper' 'Trent Jespersen' 'Chase Vergason' 'Christian Estrada'
 'Darius Feaster' 'Grant Vandevanter' 'Joe Amabile' 'Kamil Nicalek'
 'Jake Enyeart']",['Colton Underwood']
57,14,9,Week 9,7/23/18,"['Garrett Yrigoyen' 'Blake Horstmann' 'Jason Tartick' 'Colton Underwood'
 'William ""Wills"" Reid' 'Leandro ""Leo"" Dottavio' 'Connor Obrochta'
 'Lincoln Adim' 'Chris Randone' 'John Graham' 'Jordan Kimball'
 'David Ravitz' 'Christon Staples' 'Nicholas ""Nick"" Spetsas' 'Jean Blanc'
 'Michael ""Mike"" Renner' 'Ryan Peterson' 'Clay Harbor' 'Alex Templeman'
 'Rickey Jasper' 'Trent Jespersen' 'Chase Vergason' 'Christian Estrada'
 'Darius Feaster' 'Grant Vandevanter' 'Joe Amabile' 'Kamil Nicalek'
 'Jake Enyeart']",['Jason Tartick']
58,14,11,Week 10,8/6/18,"['Garrett Yrigoyen' 'Blake Horstmann' 'Jason Tartick' 'Colton Underwood'
 'William ""Wills"" Reid' 'Leandro ""Leo"" Dottavio' 'Connor Obrochta'
 'Lincoln Adim' 'Chris Randone' 'John Graham' 'Jordan Kimball'
 'David Ravitz' 'Christon Staples' 'Nicholas ""Nick"" Spetsas' 'Jean Blanc'
 'Michael ""Mike"" Renner' 'Ryan Peterson' 'Clay Harbor' 'Alex Templeman'
 'Rickey Jasper' 'Trent Jespersen' 'Chase Vergason' 'Christian Estrada'
 'Darius Feaster' 'Grant Vandevanter' 'Joe Amabile' 'Kamil Nicalek'
 'Jake Enyeart']",[]
59,15,1,Week 1,5/13/19,"['Jed Wyatt ' 'Tyler Cameron' 'Peter Weber' 'Luke Parker' 'Garrett Powell'
 'Mike Johnson' 'Connor Saeli' 'Dustin Kendrick' 'Dylan Barbour'
 'Devin Harris' 'Grant Eckel' 'Kevin Fortenberry' 'John Paul Jones'
 'Matteo Valles' 'Luke Stone' 'Cameron ""Cam"" Ayala' 'Joey Jones'
 'Jonathan Saunders' 'Tyler Gwozdz†' 'Connor Jenkins' 'Daron Blaylock'
 'Matthew Spraggins' 'Brian Bowles' 'Chasen Coscia' 'Hunter Jones'
 'Joe Barsano' 'Matt Donald' 'Ryan Spirko' 'Thomas Staton'
 'Scott Andersen']","['Brian Bowles', 'Chasen Coscia', 'Hunter Jones', 'Joe Barsano', 'Matt Donald', 'Ryan Spirko', 'Thomas Staton', 'Scott Andersen']"
60,15,2,Week 2,5/20/19,"['Jed Wyatt ' 'Tyler Cameron' 'Peter Weber' 'Luke Parker' 'Garrett Powell'
 'Mike Johnson' 'Connor Saeli' 'Dustin Kendrick' 'Dylan Barbour'
 'Devin Harris' 'Grant Eckel' 'Kevin Fortenberry' 'John Paul Jones'
 'Matteo Valles' 'Luke Stone' 'Cameron ""Cam"" Ayala' 'Joey Jones'
 'Jonathan Saunders' 'Tyler Gwozdz†' 'Connor Jenkins' 'Daron Blaylock'
 'Matthew Spraggins' 'Brian Bowles' 'Chasen Coscia' 'Hunter Jones'
 'Joe Barsano' 'Matt Donald' 'Ryan Spirko' 'Thomas Staton'
 'Scott Andersen']","['Connor Jenkins', 'Daron Blaylock', 'Matthew Spraggins']"
61,15,3,Week 3,5/27/19,"['Jed Wyatt ' 'Tyler Cameron' 'Peter Weber' 'Luke Parker' 'Garrett Powell'
 'Mike Johnson' 'Connor Saeli' 'Dustin Kendrick' 'Dylan Barbour'
 'Devin Harris' 'Grant Eckel' 'Kevin Fortenberry' 'John Paul Jones'
 'Matteo Valles' 'Luke Stone' 'Cameron ""Cam"" Ayala' 'Joey Jones'
 'Jonathan Saunders' 'Tyler Gwozdz†' 'Connor Jenkins' 'Daron Blaylock'
 'Matthew Spraggins' 'Brian Bowles' 'Chasen Coscia' 'Hunter Jones'
 'Joe Barsano' 'Matt Donald' 'Ryan Spirko' 'Thomas Staton'
 'Scott Andersen']","['Cameron ""Cam"" Ayala', 'Joey Jones', 'Jonathan Saunders', 'Tyler Gwozdz†']"
62,15,4,Week 4,6/3/19,"['Jed Wyatt ' 'Tyler Cameron' 'Peter Weber' 'Luke Parker' 'Garrett Powell'
 'Mike Johnson' 'Connor Saeli' 'Dustin Kendrick' 'Dylan Barbour'
 'Devin Harris' 'Grant Eckel' 'Kevin Fortenberry' 'John Paul Jones'
 'Matteo Valles' 'Luke Stone' 'Cameron ""Cam"" Ayala' 'Joey Jones'
 'Jonathan Saunders' 'Tyler Gwozdz†' 'Connor Jenkins' 'Daron Blaylock'
 'Matthew Spraggins' 'Brian Bowles' 'Chasen Coscia' 'Hunter Jones'
 'Joe Barsano' 'Matt Donald' 'Ryan Spirko' 'Thomas Staton'
 'Scott Andersen']","['John Paul Jones', 'Matteo Valles', 'Luke Stone']"
63,15,6,Week 5,6/17/19,"['Jed Wyatt ' 'Tyler Cameron' 'Peter Weber' 'Luke Parker' 'Garrett Powell'
 'Mike Johnson' 'Connor Saeli' 'Dustin Kendrick' 'Dylan Barbour'
 'Devin Harris' 'Grant Eckel' 'Kevin Fortenberry' 'John Paul Jones'
 'Matteo Valles' 'Luke Stone' 'Cameron ""Cam"" Ayala' 'Joey Jones'
 'Jonathan Saunders' 'Tyler Gwozdz†' 'Connor Jenkins' 'Daron Blaylock'
 'Matthew Spraggins' 'Brian Bowles' 'Chasen Coscia' 'Hunter Jones'
 'Joe Barsano' 'Matt Donald' 'Ryan Spirko' 'Thomas Staton'
 'Scott Andersen']","['Devin Harris', 'Grant Eckel', 'Kevin Fortenberry']"
64,15,7,Week 6,6/24/19,"['Jed Wyatt ' 'Tyler Cameron' 'Peter Weber' 'Luke Parker' 'Garrett Powell'
 'Mike Johnson' 'Connor Saeli' 'Dustin Kendrick' 'Dylan Barbour'
 'Devin Harris' 'Grant Eckel' 'Kevin Fortenberry' 'John Paul Jones'
 'Matteo Valles' 'Luke Stone' 'Cameron ""Cam"" Ayala' 'Joey Jones'
 'Jonathan Saunders' 'Tyler Gwozdz†' 'Connor Jenkins' 'Daron Blaylock'
 'Matthew Spraggins' 'Brian Bowles' 'Chasen Coscia' 'Hunter Jones'
 'Joe Barsano' 'Matt Donald' 'Ryan Spirko' 'Thomas Staton'
 'Scott Andersen']","['Dustin Kendrick', 'Dylan Barbour']"
65,15,8,Week 7,7/1/19,"['Jed Wyatt ' 'Tyler Cameron' 'Peter Weber' 'Luke Parker' 'Garrett Powell'
 'Mike Johnson' 'Connor Saeli' 'Dustin Kendrick' 'Dylan Barbour'
 'Devin Harris' 'Grant Eckel' 'Kevin Fortenberry' 'John Paul Jones'
 'Matteo Valles' 'Luke Stone' 'Cameron ""Cam"" Ayala' 'Joey Jones'
 'Jonathan Saunders' 'Tyler Gwozdz†' 'Connor Jenkins' 'Daron Blaylock'
 'Matthew Spraggins' 'Brian Bowles' 'Chasen Coscia' 'Hunter Jones'
 'Joe Barsano' 'Matt Donald' 'Ryan Spirko' 'Thomas Staton'
 'Scott Andersen']","['Garrett Powell', 'Mike Johnson', 'Connor Saeli']"
66,15,9,Week 8,7/8/19,"['Jed Wyatt ' 'Tyler Cameron' 'Peter Weber' 'Luke Parker' 'Garrett Powell'
 'Mike Johnson' 'Connor Saeli' 'Dustin Kendrick' 'Dylan Barbour'
 'Devin Harris' 'Grant Eckel' 'Kevin Fortenberry' 'John Paul Jones'
 'Matteo Valles' 'Luke Stone' 'Cameron ""Cam"" Ayala' 'Joey Jones'
 'Jonathan Saunders' 'Tyler Gwozdz†' 'Connor Jenkins' 'Daron Blaylock'
 'Matthew Spraggins' 'Brian Bowles' 'Chasen Coscia' 'Hunter Jones'
 'Joe Barsano' 'Matt Donald' 'Ryan Spirko' 'Thomas Staton'
 'Scott Andersen']",[]
67,15,10,Week 9,7/15/19,"['Jed Wyatt ' 'Tyler Cameron' 'Peter Weber' 'Luke Parker' 'Garrett Powell'
 'Mike Johnson' 'Connor Saeli' 'Dustin Kendrick' 'Dylan Barbour'
 'Devin Harris' 'Grant Eckel' 'Kevin Fortenberry' 'John Paul Jones'
 'Matteo Valles' 'Luke Stone' 'Cameron ""Cam"" Ayala' 'Joey Jones'
 'Jonathan Saunders' 'Tyler Gwozdz†' 'Connor Jenkins' 'Daron Blaylock'
 'Matthew Spraggins' 'Brian Bowles' 'Chasen Coscia' 'Hunter Jones'
 'Joe Barsano' 'Matt Donald' 'Ryan Spirko' 'Thomas Staton'
 'Scott Andersen']","['Peter Weber', 'Luke Parker']"
68,15,12,Week 10,7/29/19,"['Jed Wyatt ' 'Tyler Cameron' 'Peter Weber' 'Luke Parker' 'Garrett Powell'
 'Mike Johnson' 'Connor Saeli' 'Dustin Kendrick' 'Dylan Barbour'
 'Devin Harris' 'Grant Eckel' 'Kevin Fortenberry' 'John Paul Jones'
 'Matteo Valles' 'Luke Stone' 'Cameron ""Cam"" Ayala' 'Joey Jones'
 'Jonathan Saunders' 'Tyler Gwozdz†' 'Connor Jenkins' 'Daron Blaylock'
 'Matthew Spraggins' 'Brian Bowles' 'Chasen Coscia' 'Hunter Jones'
 'Joe Barsano' 'Matt Donald' 'Ryan Spirko' 'Thomas Staton'
 'Scott Andersen']",[]
69,16,1,Week 1,10/13/20,"['Dale Moss' 'Zac Clark' 'Ben Smith' 'Ivan Hall' 'Brendan Morais'
 'Bennett Jordan' 'Noah Erb' 'Riley Christian' 'Blake Moynes'
 'Demar Jackson' 'Ed Waisbrot' 'Spencer Robertson'
 'Uzoma ""Eazy"" Nwachukwu' 'Chasen Nick' 'Joe Park' 'Jordan Chapman'
 'Kenny Braasch' 'Jay Smith' 'Montel Hill' 'Peter Giannikopoulos'
 'Jason Foster' 'Zach Jackson' 'Blake Monar' 'Garin Flowers' 'Tyler Smith'
 'Yosef Aborady' 'Brandon Goss' 'AJ Yalawan' 'Chris Conran'
 'Jeremy Higgins' 'Jordan Manier' 'Mike Tobin' 'Page Pressley'
 'Robby Stahl' 'Tyler Cottrill' 'Week 1']","['AJ Yalawan', 'Chris Conran', 'Jeremy Higgins', 'Jordan Manier', 'Mike Tobin', 'Page Pressley', 'Robby Stahl', 'Tyler Cottrill']"
70,16,2,Week 2,10/20/20,"['Dale Moss' 'Zac Clark' 'Ben Smith' 'Ivan Hall' 'Brendan Morais'
 'Bennett Jordan' 'Noah Erb' 'Riley Christian' 'Blake Moynes'
 'Demar Jackson' 'Ed Waisbrot' 'Spencer Robertson'
 'Uzoma ""Eazy"" Nwachukwu' 'Chasen Nick' 'Joe Park' 'Jordan Chapman'
 'Kenny Braasch' 'Jay Smith' 'Montel Hill' 'Peter Giannikopoulos'
 'Jason Foster' 'Zach Jackson' 'Blake Monar' 'Garin Flowers' 'Tyler Smith'
 'Yosef Aborady' 'Brandon Goss' 'AJ Yalawan' 'Chris Conran'
 'Jeremy Higgins' 'Jordan Manier' 'Mike Tobin' 'Page Pressley'
 'Robby Stahl' 'Tyler Cottrill' 'Week 1']","['Blake Monar', 'Garin Flowers', 'Tyler Smith', 'Yosef Aborady', 'Brandon Goss']"
71,16,3,Week 3,10/27/20,"['Dale Moss' 'Zac Clark' 'Ben Smith' 'Ivan Hall' 'Brendan Morais'
 'Bennett Jordan' 'Noah Erb' 'Riley Christian' 'Blake Moynes'
 'Demar Jackson' 'Ed Waisbrot' 'Spencer Robertson'
 'Uzoma ""Eazy"" Nwachukwu' 'Chasen Nick' 'Joe Park' 'Jordan Chapman'
 'Kenny Braasch' 'Jay Smith' 'Montel Hill' 'Peter Giannikopoulos'
 'Jason Foster' 'Zach Jackson' 'Blake Monar' 'Garin Flowers' 'Tyler Smith'
 'Yosef Aborady' 'Brandon Goss' 'AJ Yalawan' 'Chris Conran'
 'Jeremy Higgins' 'Jordan Manier' 'Mike Tobin' 'Page Pressley'
 'Robby Stahl' 'Tyler Cottrill' 'Week 1']",['Zach Jackson']
72,16,4,Week 4,11/5/20,"['Dale Moss' 'Zac Clark' 'Ben Smith' 'Ivan Hall' 'Brendan Morais'
 'Bennett Jordan' 'Noah Erb' 'Riley Christian' 'Blake Moynes'
 'Demar Jackson' 'Ed Waisbrot' 'Spencer Robertson'
 'Uzoma ""Eazy"" Nwachukwu' 'Chasen Nick' 'Joe Park' 'Jordan Chapman'
 'Kenny Braasch' 'Jay Smith' 'Montel Hill' 'Peter Giannikopoulos'
 'Jason Foster' 'Zach Jackson' 'Blake Monar' 'Garin Flowers' 'Tyler Smith'
 'Yosef Aborady' 'Brandon Goss' 'AJ Yalawan' 'Chris Conran'
 'Jeremy Higgins' 'Jordan Manier' 'Mike Tobin' 'Page Pressley'
 'Robby Stahl' 'Tyler Cottrill' 'Week 1']",[]
73,16,5,Week 5,11/10/20,"['Dale Moss' 'Zac Clark' 'Ben Smith' 'Ivan Hall' 'Brendan Morais'
 'Bennett Jordan' 'Noah Erb' 'Riley Christian' 'Blake Moynes'
 'Demar Jackson' 'Ed Waisbrot' 'Spencer Robertson'
 'Uzoma ""Eazy"" Nwachukwu' 'Chasen Nick' 'Joe Park' 'Jordan Chapman'
 'Kenny Braasch' 'Jay Smith' 'Montel Hill' 'Peter Giannikopoulos'
 'Jason Foster' 'Zach Jackson' 'Blake Monar' 'Garin Flowers' 'Tyler Smith'
 'Yosef Aborady' 'Brandon Goss' 'AJ Yalawan' 'Chris Conran'
 'Jeremy Higgins' 'Jordan Manier' 'Mike Tobin' 'Page Pressley'
 'Robby Stahl' 'Tyler Cottrill' 'Week 1']","['Jay Smith', 'Montel Hill', 'Peter Giannikopoulos', 'Jason Foster']"
74,16,6,Week 6,11/17/20,"['Dale Moss' 'Zac Clark' 'Ben Smith' 'Ivan Hall' 'Brendan Morais'
 'Bennett Jordan' 'Noah Erb' 'Riley Christian' 'Blake Moynes'
 'Demar Jackson' 'Ed Waisbrot' 'Spencer Robertson'
 'Uzoma ""Eazy"" Nwachukwu' 'Chasen Nick' 'Joe Park' 'Jordan Chapman'
 'Kenny Braasch' 'Jay Smith' 'Montel Hill' 'Peter Giannikopoulos'
 'Jason Foster' 'Zach Jackson' 'Blake Monar' 'Garin Flowers' 'Tyler Smith'
 'Yosef Aborady' 'Brandon Goss' 'AJ Yalawan' 'Chris Conran'
 'Jeremy Higgins' 'Jordan Manier' 'Mike Tobin' 'Page Pressley'
 'Robby Stahl' 'Tyler Cottrill' 'Week 1']","['Chasen Nick', 'Joe Park', 'Jordan Chapman', 'Kenny Braasch']"
75,16,7,Week 7,11/24/20,"['Dale Moss' 'Zac Clark' 'Ben Smith' 'Ivan Hall' 'Brendan Morais'
 'Bennett Jordan' 'Noah Erb' 'Riley Christian' 'Blake Moynes'
 'Demar Jackson' 'Ed Waisbrot' 'Spencer Robertson'
 'Uzoma ""Eazy"" Nwachukwu' 'Chasen Nick' 'Joe Park' 'Jordan Chapman'
 'Kenny Braasch' 'Jay Smith' 'Montel Hill' 'Peter Giannikopoulos'
 'Jason Foster' 'Zach Jackson' 'Blake Monar' 'Garin Flowers' 'Tyler Smith'
 'Yosef Aborady' 'Brandon Goss' 'AJ Yalawan' 'Chris Conran'
 'Jeremy Higgins' 'Jordan Manier' 'Mike Tobin' 'Page Pressley'
 'Robby Stahl' 'Tyler Cottrill' 'Week 1']","['Uzoma ""Eazy"" Nwachukwu']"
76,16,8,Week 8,12/1/20,"['Dale Moss' 'Zac Clark' 'Ben Smith' 'Ivan Hall' 'Brendan Morais'
 'Bennett Jordan' 'Noah Erb' 'Riley Christian' 'Blake Moynes'
 'Demar Jackson' 'Ed Waisbrot' 'Spencer Robertson'
 'Uzoma ""Eazy"" Nwachukwu' 'Chasen Nick' 'Joe Park' 'Jordan Chapman'
 'Kenny Braasch' 'Jay Smith' 'Montel Hill' 'Peter Giannikopoulos'
 'Jason Foster' 'Zach Jackson' 'Blake Monar' 'Garin Flowers' 'Tyler Smith'
 'Yosef Aborady' 'Brandon Goss' 'AJ Yalawan' 'Chris Conran'
 'Jeremy Higgins' 'Jordan Manier' 'Mike Tobin' 'Page Pressley'
 'Robby Stahl' 'Tyler Cottrill' 'Week 1']","['Demar Jackson', 'Ed Waisbrot', 'Spencer Robertson']"
77,16,9,Week 9,12/8/20,"['Dale Moss' 'Zac Clark' 'Ben Smith' 'Ivan Hall' 'Brendan Morais'
 'Bennett Jordan' 'Noah Erb' 'Riley Christian' 'Blake Moynes'
 'Demar Jackson' 'Ed Waisbrot' 'Spencer Robertson'
 'Uzoma ""Eazy"" Nwachukwu' 'Chasen Nick' 'Joe Park' 'Jordan Chapman'
 'Kenny Braasch' 'Jay Smith' 'Montel Hill' 'Peter Giannikopoulos'
 'Jason Foster' 'Zach Jackson' 'Blake Monar' 'Garin Flowers' 'Tyler Smith'
 'Yosef Aborady' 'Brandon Goss' 'AJ Yalawan' 'Chris Conran'
 'Jeremy Higgins' 'Jordan Manier' 'Mike Tobin' 'Page Pressley'
 'Robby Stahl' 'Tyler Cottrill' 'Week 1']","['Bennett Jordan', 'Noah Erb', 'Riley Christian', 'Blake Moynes']"
78,16,10,Week 10,12/14/20,"['Dale Moss' 'Zac Clark' 'Ben Smith' 'Ivan Hall' 'Brendan Morais'
 'Bennett Jordan' 'Noah Erb' 'Riley Christian' 'Blake Moynes'
 'Demar Jackson' 'Ed Waisbrot' 'Spencer Robertson'
 'Uzoma ""Eazy"" Nwachukwu' 'Chasen Nick' 'Joe Park' 'Jordan Chapman'
 'Kenny Braasch' 'Jay Smith' 'Montel Hill' 'Peter Giannikopoulos'
 'Jason Foster' 'Zach Jackson' 'Blake Monar' 'Garin Flowers' 'Tyler Smith'
 'Yosef Aborady' 'Brandon Goss' 'AJ Yalawan' 'Chris Conran'
 'Jeremy Higgins' 'Jordan Manier' 'Mike Tobin' 'Page Pressley'
 'Robby Stahl' 'Tyler Cottrill' 'Week 1']",[]
79,16,11,Week 11,12/15/20,"['Dale Moss' 'Zac Clark' 'Ben Smith' 'Ivan Hall' 'Brendan Morais'
 'Bennett Jordan' 'Noah Erb' 'Riley Christian' 'Blake Moynes'
 'Demar Jackson' 'Ed Waisbrot' 'Spencer Robertson'
 'Uzoma ""Eazy"" Nwachukwu' 'Chasen Nick' 'Joe Park' 'Jordan Chapman'
 'Kenny Braasch' 'Jay Smith' 'Montel Hill' 'Peter Giannikopoulos'
 'Jason Foster' 'Zach Jackson' 'Blake Monar' 'Garin Flowers' 'Tyler Smith'
 'Yosef Aborady' 'Brandon Goss' 'AJ Yalawan' 'Chris Conran'
 'Jeremy Higgins' 'Jordan Manier' 'Mike Tobin' 'Page Pressley'
 'Robby Stahl' 'Tyler Cottrill' 'Week 1']","['Ivan Hall', 'Brendan Morais']"
80,16,12,Week 12,12/21/20,"['Dale Moss' 'Zac Clark' 'Ben Smith' 'Ivan Hall' 'Brendan Morais'
 'Bennett Jordan' 'Noah Erb' 'Riley Christian' 'Blake Moynes'
 'Demar Jackson' 'Ed Waisbrot' 'Spencer Robertson'
 'Uzoma ""Eazy"" Nwachukwu' 'Chasen Nick' 'Joe Park' 'Jordan Chapman'
 'Kenny Braasch' 'Jay Smith' 'Montel Hill' 'Peter Giannikopoulos'
 'Jason Foster' 'Zach Jackson' 'Blake Monar' 'Garin Flowers' 'Tyler Smith'
 'Yosef Aborady' 'Brandon Goss' 'AJ Yalawan' 'Chris Conran'
 'Jeremy Higgins' 'Jordan Manier' 'Mike Tobin' 'Page Pressley'
 'Robby Stahl' 'Tyler Cottrill' 'Week 1']",[]
81,16,13,Week 13,12/22/20,"['Dale Moss' 'Zac Clark' 'Ben Smith' 'Ivan Hall' 'Brendan Morais'
 'Bennett Jordan' 'Noah Erb' 'Riley Christian' 'Blake Moynes'
 'Demar Jackson' 'Ed Waisbrot' 'Spencer Robertson'
 'Uzoma ""Eazy"" Nwachukwu' 'Chasen Nick' 'Joe Park' 'Jordan Chapman'
 'Kenny Braasch' 'Jay Smith' 'Montel Hill' 'Peter Giannikopoulos'
 'Jason Foster' 'Zach Jackson' 'Blake Monar' 'Garin Flowers' 'Tyler Smith'
 'Yosef Aborady' 'Brandon Goss' 'AJ Yalawan' 'Chris Conran'
 'Jeremy Higgins' 'Jordan Manier' 'Mike Tobin' 'Page Pressley'
 'Robby Stahl' 'Tyler Cottrill' 'Week 1']",[]
82,17,1,Week 1,6/7/21,"['Blake Moynes' 'Justin Glaze' 'Greg Grippo' 'Michael Allio'
 'Andrew Spencer' 'Mike Planeta' 'Brendan Scanzano' 'Aaron Clancy'
 'Hunter Montgomery' 'James Bonsall' 'Tré Cooper' 'Connor Brennan'
 'Andrew Milcovich' 'Josh Tylerbest' 'Quartney Mixon' 'Christian Smith'
 'Conor Costello' 'David Scott' 'Thomas Jacobs' 'Garrett Schwartz'
 'John Hersey' 'Karl Smith' 'Kyle Howard' 'Cody Menk' 'Austin Tinsley'
 'Brandon Torres' 'Gabriel Everett' 'Jeff Caravello' 'Landon Goesling'
 'Marcus Lathan' 'Marty Hargrove' 'Week 1']","['Austin Tinsley', 'Brandon Torres', 'Gabriel Everett', 'Jeff Caravello', 'Landon Goesling', 'Marcus Lathan', 'Marty Hargrove']"
83,17,2,Week 2,6/14/21,"['Blake Moynes' 'Justin Glaze' 'Greg Grippo' 'Michael Allio'
 'Andrew Spencer' 'Mike Planeta' 'Brendan Scanzano' 'Aaron Clancy'
 'Hunter Montgomery' 'James Bonsall' 'Tré Cooper' 'Connor Brennan'
 'Andrew Milcovich' 'Josh Tylerbest' 'Quartney Mixon' 'Christian Smith'
 'Conor Costello' 'David Scott' 'Thomas Jacobs' 'Garrett Schwartz'
 'John Hersey' 'Karl Smith' 'Kyle Howard' 'Cody Menk' 'Austin Tinsley'
 'Brandon Torres' 'Gabriel Everett' 'Jeff Caravello' 'Landon Goesling'
 'Marcus Lathan' 'Marty Hargrove' 'Week 1']","['Garrett Schwartz', 'John Hersey', 'Karl Smith', 'Kyle Howard', 'Cody Menk']"
84,17,3,Week 3,6/21/21,"['Blake Moynes' 'Justin Glaze' 'Greg Grippo' 'Michael Allio'
 'Andrew Spencer' 'Mike Planeta' 'Brendan Scanzano' 'Aaron Clancy'
 'Hunter Montgomery' 'James Bonsall' 'Tré Cooper' 'Connor Brennan'
 'Andrew Milcovich' 'Josh Tylerbest' 'Quartney Mixon' 'Christian Smith'
 'Conor Costello' 'David Scott' 'Thomas Jacobs' 'Garrett Schwartz'
 'John Hersey' 'Karl Smith' 'Kyle Howard' 'Cody Menk' 'Austin Tinsley'
 'Brandon Torres' 'Gabriel Everett' 'Jeff Caravello' 'Landon Goesling'
 'Marcus Lathan' 'Marty Hargrove' 'Week 1']","['Christian Smith', 'Conor Costello', 'David Scott', 'Thomas Jacobs']"
85,17,4,Week 4,6/28/21,"['Blake Moynes' 'Justin Glaze' 'Greg Grippo' 'Michael Allio'
 'Andrew Spencer' 'Mike Planeta' 'Brendan Scanzano' 'Aaron Clancy'
 'Hunter Montgomery' 'James Bonsall' 'Tré Cooper' 'Connor Brennan'
 'Andrew Milcovich' 'Josh Tylerbest' 'Quartney Mixon' 'Christian Smith'
 'Conor Costello' 'David Scott' 'Thomas Jacobs' 'Garrett Schwartz'
 'John Hersey' 'Karl Smith' 'Kyle Howard' 'Cody Menk' 'Austin Tinsley'
 'Brandon Torres' 'Gabriel Everett' 'Jeff Caravello' 'Landon Goesling'
 'Marcus Lathan' 'Marty Hargrove' 'Week 1']","['Andrew Milcovich', 'Josh Tylerbest', 'Quartney Mixon']"
86,17,5,Week 5,7/5/21,"['Blake Moynes' 'Justin Glaze' 'Greg Grippo' 'Michael Allio'
 'Andrew Spencer' 'Mike Planeta' 'Brendan Scanzano' 'Aaron Clancy'
 'Hunter Montgomery' 'James Bonsall' 'Tré Cooper' 'Connor Brennan'
 'Andrew Milcovich' 'Josh Tylerbest' 'Quartney Mixon' 'Christian Smith'
 'Conor Costello' 'David Scott' 'Thomas Jacobs' 'Garrett Schwartz'
 'John Hersey' 'Karl Smith' 'Kyle Howard' 'Cody Menk' 'Austin Tinsley'
 'Brandon Torres' 'Gabriel Everett' 'Jeff Caravello' 'Landon Goesling'
 'Marcus Lathan' 'Marty Hargrove' 'Week 1']","['Aaron Clancy', 'Hunter Montgomery', 'James Bonsall', 'Tré Cooper', 'Connor Brennan']"
87,17,6,Week 6,7/12/21,"['Blake Moynes' 'Justin Glaze' 'Greg Grippo' 'Michael Allio'
 'Andrew Spencer' 'Mike Planeta' 'Brendan Scanzano' 'Aaron Clancy'
 'Hunter Montgomery' 'James Bonsall' 'Tré Cooper' 'Connor Brennan'
 'Andrew Milcovich' 'Josh Tylerbest' 'Quartney Mixon' 'Christian Smith'
 'Conor Costello' 'David Scott' 'Thomas Jacobs' 'Garrett Schwartz'
 'John Hersey' 'Karl Smith' 'Kyle Howard' 'Cody Menk' 'Austin Tinsley'
 'Brandon Torres' 'Gabriel Everett' 'Jeff Caravello' 'Landon Goesling'
 'Marcus Lathan' 'Marty Hargrove' 'Week 1']","['Andrew Spencer', 'Mike Planeta', 'Brendan Scanzano']"
88,17,7,Week 7,7/19/21,"['Blake Moynes' 'Justin Glaze' 'Greg Grippo' 'Michael Allio'
 'Andrew Spencer' 'Mike Planeta' 'Brendan Scanzano' 'Aaron Clancy'
 'Hunter Montgomery' 'James Bonsall' 'Tré Cooper' 'Connor Brennan'
 'Andrew Milcovich' 'Josh Tylerbest' 'Quartney Mixon' 'Christian Smith'
 'Conor Costello' 'David Scott' 'Thomas Jacobs' 'Garrett Schwartz'
 'John Hersey' 'Karl Smith' 'Kyle Howard' 'Cody Menk' 'Austin Tinsley'
 'Brandon Torres' 'Gabriel Everett' 'Jeff Caravello' 'Landon Goesling'
 'Marcus Lathan' 'Marty Hargrove' 'Week 1']","['Greg Grippo', 'Michael Allio']"
89,17,8,Week 8,7/26/21,"['Blake Moynes' 'Justin Glaze' 'Greg Grippo' 'Michael Allio'
 'Andrew Spencer' 'Mike Planeta' 'Brendan Scanzano' 'Aaron Clancy'
 'Hunter Montgomery' 'James Bonsall' 'Tré Cooper' 'Connor Brennan'
 'Andrew Milcovich' 'Josh Tylerbest' 'Quartney Mixon' 'Christian Smith'
 'Conor Costello' 'David Scott' 'Thomas Jacobs' 'Garrett Schwartz'
 'John Hersey' 'Karl Smith' 'Kyle Howard' 'Cody Menk' 'Austin Tinsley'
 'Brandon Torres' 'Gabriel Everett' 'Jeff Caravello' 'Landon Goesling'
 'Marcus Lathan' 'Marty Hargrove' 'Week 1']",['Justin Glaze']
90,17,9,Week 9,8/2/21,"['Blake Moynes' 'Justin Glaze' 'Greg Grippo' 'Michael Allio'
 'Andrew Spencer' 'Mike Planeta' 'Brendan Scanzano' 'Aaron Clancy'
 'Hunter Montgomery' 'James Bonsall' 'Tré Cooper' 'Connor Brennan'
 'Andrew Milcovich' 'Josh Tylerbest' 'Quartney Mixon' 'Christian Smith'
 'Conor Costello' 'David Scott' 'Thomas Jacobs' 'Garrett Schwartz'
 'John Hersey' 'Karl Smith' 'Kyle Howard' 'Cody Menk' 'Austin Tinsley'
 'Brandon Torres' 'Gabriel Everett' 'Jeff Caravello' 'Landon Goesling'
 'Marcus Lathan' 'Marty Hargrove' 'Week 1']",[]
91,17,10,Week 10,8/9/21,"['Blake Moynes' 'Justin Glaze' 'Greg Grippo' 'Michael Allio'
 'Andrew Spencer' 'Mike Planeta' 'Brendan Scanzano' 'Aaron Clancy'
 'Hunter Montgomery' 'James Bonsall' 'Tré Cooper' 'Connor Brennan'
 'Andrew Milcovich' 'Josh Tylerbest' 'Quartney Mixon' 'Christian Smith'
 'Conor Costello' 'David Scott' 'Thomas Jacobs' 'Garrett Schwartz'
 'John Hersey' 'Karl Smith' 'Kyle Howard' 'Cody Menk' 'Austin Tinsley'
 'Brandon Torres' 'Gabriel Everett' 'Jeff Caravello' 'Landon Goesling'
 'Marcus Lathan' 'Marty Hargrove' 'Week 1']",[]
92,18,1,Week 1,10/19/21,"['Brandon Jones' 'Joe Coleman' 'Nayte Olukoya' 'Rodney Matthews'
 'Olumide ""Olu"" Onajide' 'Rick Leach' 'Martin Gelbspan' 'Clayton Echard'
 'Casey Woods' 'Leroy Arthur' 'Chris Sutton' 'Chris Gallant'
 'Romeo Alexander' 'Will Urena' 'Lowell ""LT"" Murray IV' 'Mollique Johnson'
 'Peter Izzo' 'Spencer Williams' 'Jamie Skaar' 'Alec Thompson'
 'Daniel Tully' 'Pardeep Singh' 'PJ Henderson' 'Brandon Kieffer'
 'Bryan Witzmann' 'Edward Naranjo' 'Garrett Aida' 'Jack Russell'
 'JoMarri Gable' 'Ryan Fox']","['Brandon Kieffer', 'Bryan Witzmann', 'Edward Naranjo', 'Garrett Aida', 'Jack Russell', 'JoMarri Gable', 'Ryan Fox']"
93,18,2,Week 2,10/26/21,"['Brandon Jones' 'Joe Coleman' 'Nayte Olukoya' 'Rodney Matthews'
 'Olumide ""Olu"" Onajide' 'Rick Leach' 'Martin Gelbspan' 'Clayton Echard'
 'Casey Woods' 'Leroy Arthur' 'Chris Sutton' 'Chris Gallant'
 'Romeo Alexander' 'Will Urena' 'Lowell ""LT"" Murray IV' 'Mollique Johnson'
 'Peter Izzo' 'Spencer Williams' 'Jamie Skaar' 'Alec Thompson'
 'Daniel Tully' 'Pardeep Singh' 'PJ Henderson' 'Brandon Kieffer'
 'Bryan Witzmann' 'Edward Naranjo' 'Garrett Aida' 'Jack Russell'
 'JoMarri Gable' 'Ryan Fox']","['Alec Thompson', 'Daniel Tully', 'Pardeep Singh', 'PJ Henderson']"
94,18,3,Week 3,11/2/21,"['Brandon Jones' 'Joe Coleman' 'Nayte Olukoya' 'Rodney Matthews'
 'Olumide ""Olu"" Onajide' 'Rick Leach' 'Martin Gelbspan' 'Clayton Echard'
 'Casey Woods' 'Leroy Arthur' 'Chris Sutton' 'Chris Gallant'
 'Romeo Alexander' 'Will Urena' 'Lowell ""LT"" Murray IV' 'Mollique Johnson'
 'Peter Izzo' 'Spencer Williams' 'Jamie Skaar' 'Alec Thompson'
 'Daniel Tully' 'Pardeep Singh' 'PJ Henderson' 'Brandon Kieffer'
 'Bryan Witzmann' 'Edward Naranjo' 'Garrett Aida' 'Jack Russell'
 'JoMarri Gable' 'Ryan Fox']","['Lowell ""LT"" Murray IV', 'Mollique Johnson', 'Peter Izzo', 'Spencer Williams', 'Jamie Skaar']"
95,18,4,Week 4,11/9/21,"['Brandon Jones' 'Joe Coleman' 'Nayte Olukoya' 'Rodney Matthews'
 'Olumide ""Olu"" Onajide' 'Rick Leach' 'Martin Gelbspan' 'Clayton Echard'
 'Casey Woods' 'Leroy Arthur' 'Chris Sutton' 'Chris Gallant'
 'Romeo Alexander' 'Will Urena' 'Lowell ""LT"" Murray IV' 'Mollique Johnson'
 'Peter Izzo' 'Spencer Williams' 'Jamie Skaar' 'Alec Thompson'
 'Daniel Tully' 'Pardeep Singh' 'PJ Henderson' 'Brandon Kieffer'
 'Bryan Witzmann' 'Edward Naranjo' 'Garrett Aida' 'Jack Russell'
 'JoMarri Gable' 'Ryan Fox']","['Chris Gallant', 'Romeo Alexander', 'Will Urena']"
96,18,5,Week 5,11/16/21,"['Brandon Jones' 'Joe Coleman' 'Nayte Olukoya' 'Rodney Matthews'
 'Olumide ""Olu"" Onajide' 'Rick Leach' 'Martin Gelbspan' 'Clayton Echard'
 'Casey Woods' 'Leroy Arthur' 'Chris Sutton' 'Chris Gallant'
 'Romeo Alexander' 'Will Urena' 'Lowell ""LT"" Murray IV' 'Mollique Johnson'
 'Peter Izzo' 'Spencer Williams' 'Jamie Skaar' 'Alec Thompson'
 'Daniel Tully' 'Pardeep Singh' 'PJ Henderson' 'Brandon Kieffer'
 'Bryan Witzmann' 'Edward Naranjo' 'Garrett Aida' 'Jack Russell'
 'JoMarri Gable' 'Ryan Fox']","['Casey Woods', 'Leroy Arthur', 'Chris Sutton']"
97,18,6,Week 6,11/23/21,"['Brandon Jones' 'Joe Coleman' 'Nayte Olukoya' 'Rodney Matthews'
 'Olumide ""Olu"" Onajide' 'Rick Leach' 'Martin Gelbspan' 'Clayton Echard'
 'Casey Woods' 'Leroy Arthur' 'Chris Sutton' 'Chris Gallant'
 'Romeo Alexander' 'Will Urena' 'Lowell ""LT"" Murray IV' 'Mollique Johnson'
 'Peter Izzo' 'Spencer Williams' 'Jamie Skaar' 'Alec Thompson'
 'Daniel Tully' 'Pardeep Singh' 'PJ Henderson' 'Brandon Kieffer'
 'Bryan Witzmann' 'Edward Naranjo' 'Garrett Aida' 'Jack Russell'
 'JoMarri Gable' 'Ryan Fox']","['Olumide ""Olu"" Onajide', 'Rick Leach', 'Martin Gelbspan', 'Clayton Echard']"
98,18,7,Week 7,11/30/21,"['Brandon Jones' 'Joe Coleman' 'Nayte Olukoya' 'Rodney Matthews'
 'Olumide ""Olu"" Onajide' 'Rick Leach' 'Martin Gelbspan' 'Clayton Echard'
 'Casey Woods' 'Leroy Arthur' 'Chris Sutton' 'Chris Gallant'
 'Romeo Alexander' 'Will Urena' 'Lowell ""LT"" Murray IV' 'Mollique Johnson'
 'Peter Izzo' 'Spencer Williams' 'Jamie Skaar' 'Alec Thompson'
 'Daniel Tully' 'Pardeep Singh' 'PJ Henderson' 'Brandon Kieffer'
 'Bryan Witzmann' 'Edward Naranjo' 'Garrett Aida' 'Jack Russell'
 'JoMarri Gable' 'Ryan Fox']",['Rodney Matthews']
99,18,9,Week 8,12/14/21,"['Brandon Jones' 'Joe Coleman' 'Nayte Olukoya' 'Rodney Matthews'
 'Olumide ""Olu"" Onajide' 'Rick Leach' 'Martin Gelbspan' 'Clayton Echard'
 'Casey Woods' 'Leroy Arthur' 'Chris Sutton' 'Chris Gallant'
 'Romeo Alexander' 'Will Urena' 'Lowell ""LT"" Murray IV' 'Mollique Johnson'
 'Peter Izzo' 'Spencer Williams' 'Jamie Skaar' 'Alec Thompson'
 'Daniel Tully' 'Pardeep Singh' 'PJ Henderson' 'Brandon Kieffer'
 'Bryan Witzmann' 'Edward Naranjo' 'Garrett Aida' 'Jack Russell'
 'JoMarri Gable' 'Ryan Fox']",[]
